slug,culture_name,region,status,confidence,eligible_for_linkedin,canonical_source_asset,alternates,git_path,live_url,has_approved_overview,notes
afar,Afar,Horn of Africa,ready,high,True,/cultural_images/afar_card.webp,/cultural_images/afar_card.webp,website-astro/public/cultural_images/afar_card.webp,https://www.culturesherpa.org/explore/cultural_images/afar_card.webp,True,
afemai,Afemai,"Northern Edo State, Nigeria",ready,high,True,/cultural_images/afemai_card.webp,/cultural_images/afemai_card.webp,website-astro/public/cultural_images/afemai_card.webp,https://www.culturesherpa.org/explore/cultural_images/afemai_card.webp,True,
afghan,Afghan,Central and South Asia,ready,high,True,/cultural_images/afghan_card.webp,/cultural_images/afghan_card.webp,website-astro/public/cultural_images/afghan_card.webp,https://www.culturesherpa.org/explore/cultural_images/afghan_card.webp,True,
afghan_diaspora,Afghan Diaspora,Global,probable-match,medium,False,/cultural_images/afghan_diaspora_card.webp,/cultural_images/afghan_diaspora_card.webp,,https://www.culturesherpa.org/explore/cultural_images/afghan_diaspora_card.webp,True,Index path absent from git and 404 on live explore CDN; R2 gfv-media not inventoried
afghan_tatars,Afghan Tatars,Afghanistan,ready,high,True,/cultural_images/afghan_tatars_card.webp,/cultural_images/afghan_tatars_card.webp,website-astro/public/cultural_images/afghan_tatars_card.webp,https://www.culturesherpa.org/explore/cultural_images/afghan_tatars_card.webp,True,
african_american,African American,United States,ready,high,True,/cultural_images/african_american_card.webp,/cultural_images/african_american_card.webp,website-astro/public/cultural_images/african_american_card.webp,https://www.culturesherpa.org/explore/cultural_images/african_american_card.webp,True,
afro_brazilian,Afro Brazilian,South America,probable-match,medium,False,/cultural_images/afro_brazilian_card.webp,/cultural_images/afro_brazilian_card.webp,,https://www.culturesherpa.org/explore/cultural_images/afro_brazilian_card.webp,True,Index path absent from git and 404 on live explore CDN; R2 gfv-media not inventoried
afro_caribbean,Afro Caribbean,Caribbean,probable-match,medium,False,/cultural_images/afro_caribbean_card.webp,/cultural_images/afro_caribbean_card.webp,,https://www.culturesherpa.org/explore/cultural_images/afro_caribbean_card.webp,True,Index path absent from git and 404 on live explore CDN; R2 gfv-media not inventoried
afro_latino,Afro Latino,South America,probable-match,medium,False,/cultural_images/afro_latino_card.webp,/cultural_images/afro_latino_card.webp,,https://www.culturesherpa.org/explore/cultural_images/afro_latino_card.webp,True,Index path absent from git and 404 on live explore CDN; R2 gfv-media not inventoried
ainu,Ainu,"Hokkaido, Japan",probable-match,medium,False,/cultural_images/ainu_card.webp,/cultural_images/ainu_card.webp,,https://www.culturesherpa.org/explore/cultural_images/ainu_card.webp,True,Index path absent from git and 404 on live explore CDN; R2 gfv-media not inventoried
akan,Akan,West Africa,ready,high,True,/cultural_images/akan_card.webp,/cultural_images/akan_card.webp,website-astro/public/cultural_images/akan_card.webp,https://www.culturesherpa.org/explore/cultural_images/akan_card.webp,True,
alavi_bohras,Alavi Bohras,"Gujarat, India",ready,high,True,/cultural_images/alavi_bohras_card.webp,/cultural_images/alavi_bohras_card.webp,website-astro/public/cultural_images/alavi_bohras_card.webp,https://www.culturesherpa.org/explore/cultural_images/alavi_bohras_card.webp,True,
albanians,Albanians,Southeast Europe,ready,high,True,/cultural_images/albanians_card.webp,/cultural_images/albanians_card.webp,website-astro/public/cultural_images/albanians_card.webp,https://www.culturesherpa.org/explore/cultural_images/albanians_card.webp,True,
aleut,Aleut,North America,probable-match,medium,False,/cultural_images/aleut_card.webp,/cultural_images/aleut_card.webp,,https://www.culturesherpa.org/explore/cultural_images/aleut_card.webp,True,Index path absent from git and 404 on live explore CDN; R2 gfv-media not inventoried
algerian,Algerian,North Africa,ready,high,True,/cultural_images/algerian_card.webp,/cultural_images/algerian_card.webp,website-astro/public/cultural_images/algerian_card.webp,https://www.culturesherpa.org/explore/cultural_images/algerian_card.webp,True,
alune,Alune,"Central Seram, Maluku, Indonesia",probable-match,medium,False,/cultural_images/alune_card.webp,/cultural_images/alune_card.webp,,https://www.culturesherpa.org/explore/cultural_images/alune_card.webp,True,Index path absent from git and 404 on live explore CDN; R2 gfv-media not inventoried
american,American,North America,ready,high,True,/cultural_images/american_card.webp,/cultural_images/american_card.webp,website-astro/public/cultural_images/american_card.webp,https://www.culturesherpa.org/explore/cultural_images/american_card.webp,True,
amhara,Amhara,Ethiopia,ready,high,True,/cultural_images/amhara_card.webp,/cultural_images/amhara_card.webp,website-astro/public/cultural_images/amhara_card.webp,https://www.culturesherpa.org/explore/cultural_images/amhara_card.webp,True,
angolan,Angolan,Southern Africa,ready,high,True,/cultural_images/angolan_card.webp,/cultural_images/angolan_card.webp,website-astro/public/cultural_images/angolan_card.webp,https://www.culturesherpa.org/explore/cultural_images/angolan_card.webp,True,
antarctica,Antarctica,Antarctica,ready,high,True,/cultural_images/antarctica_card.webp,/cultural_images/antarctica_card.webp,website-astro/public/cultural_images/antarctica_card.webp,https://www.culturesherpa.org/explore/cultural_images/antarctica_card.webp,True,
apatani,Apatani,"Ziro Valley, Arunachal Pradesh, India",probable-match,medium,False,/cultural_images/apatani_card.webp,/cultural_images/apatani_card.webp,,https://www.culturesherpa.org/explore/cultural_images/apatani_card.webp,True,Index path absent from git and 404 on live explore CDN; R2 gfv-media not inventoried
arab,Arab,Middle East and North Africa,ready,high,True,/cultural_images/arab_card.webp,/cultural_images/arab_card.webp,website-astro/public/cultural_images/arab_card.webp,https://www.culturesherpa.org/explore/cultural_images/arab_card.webp,True,
aragonese,Aragonese,"Aragon, Spain",ready,high,True,/cultural_images/aragonese_card.webp,/cultural_images/aragonese_card.webp,website-astro/public/cultural_images/aragonese_card.webp,https://www.culturesherpa.org/explore/cultural_images/aragonese_card.webp,True,
arapaho,Arapaho,North America,ready,high,True,/cultural_images/arapaho_card.webp,/cultural_images/arapaho_card.webp,website-astro/public/cultural_images/arapaho_card.webp,https://www.culturesherpa.org/explore/cultural_images/arapaho_card.webp,True,
argentinian,Argentinian,South America,ready,high,True,/cultural_images/argentinian_card.webp,/cultural_images/argentinian_card.webp,website-astro/public/cultural_images/argentinian_card.webp,https://www.culturesherpa.org/explore/cultural_images/argentinian_card.webp,True,
argobba,Argobba,Northeastern Ethiopia,ready,high,True,/cultural_images/argobba_card.webp,/cultural_images/argobba_card.webp,website-astro/public/cultural_images/argobba_card.webp,https://www.culturesherpa.org/explore/cultural_images/argobba_card.webp,True,
armenia,Armenia,South Caucasus,ready,high,True,/cultural_images/armenia_card.webp,/cultural_images/armenia_card.webp,website-astro/public/cultural_images/armenia_card.webp,https://www.culturesherpa.org/explore/cultural_images/armenia_card.webp,True,
armenian_diaspora,Armenian Diaspora,Middle East,probable-match,medium,False,/cultural_images/armenian_diaspora_card.webp,/cultural_images/armenian_diaspora_card.webp,,https://www.culturesherpa.org/explore/cultural_images/armenian_diaspora_card.webp,True,Index path absent from git and 404 on live explore CDN; R2 gfv-media not inventoried
aromanian,Aromanian,Balkans,probable-match,medium,False,/cultural_images/aromanian_card.webp,/cultural_images/aromanian_card.webp,,https://www.culturesherpa.org/explore/cultural_images/aromanian_card.webp,True,Index path absent from git and 404 on live explore CDN; R2 gfv-media not inventoried
asmat,Asmat,"Papua, Indonesia",probable-match,medium,False,/cultural_images/asmat_card.webp,/cultural_images/asmat_card.webp,,https://www.culturesherpa.org/explore/cultural_images/asmat_card.webp,True,Index path absent from git and 404 on live explore CDN; R2 gfv-media not inventoried
assiniboine,Assiniboine,"Northern Great Plains, USA and Canada",ready,high,True,/cultural_images/assiniboine_card.webp,/cultural_images/assiniboine_card.webp,website-astro/public/cultural_images/assiniboine_card.webp,https://www.culturesherpa.org/explore/cultural_images/assiniboine_card.webp,True,
assyrian,Assyrian,Middle East,probable-match,medium,False,/cultural_images/assyrian_card.webp,/cultural_images/assyrian_card.webp,,https://www.culturesherpa.org/explore/cultural_images/assyrian_card.webp,True,Index path absent from git and 404 on live explore CDN; R2 gfv-media not inventoried
assyrian_diaspora,Assyrian Diaspora,Europe,probable-match,medium,False,/cultural_images/assyrian_diaspora_card.webp,/cultural_images/assyrian_diaspora_card.webp,,https://www.culturesherpa.org/explore/cultural_images/assyrian_diaspora_card.webp,True,Index path absent from git and 404 on live explore CDN; R2 gfv-media not inventoried
assyrians,Assyrians,Middle East,ready,high,True,/cultural_images/assyrians_card.webp,/cultural_images/assyrians_card.webp,website-astro/public/cultural_images/assyrians_card.webp,https://www.culturesherpa.org/explore/cultural_images/assyrians_card.webp,True,
asturians,Asturians,"Asturias, Spain",ready,high,True,/cultural_images/asturians_card.webp,/cultural_images/asturians_card.webp,website-astro/public/cultural_images/asturians_card.webp,https://www.culturesherpa.org/explore/cultural_images/asturians_card.webp,True,
australian,Australian,Oceania,ready,high,True,/cultural_images/australian_card.webp,/cultural_images/australian_card.webp,website-astro/public/cultural_images/australian_card.webp,https://www.culturesherpa.org/explore/cultural_images/australian_card.webp,True,
austrian,Austrian,Central Europe,ready,high,True,/cultural_images/austrian_card.webp,/cultural_images/austrian_card.webp,website-astro/public/cultural_images/austrian_card.webp,https://www.culturesherpa.org/explore/cultural_images/austrian_card.webp,True,
aymara,Aymara,South America,probable-match,medium,False,/cultural_images/aymara_card.webp,/cultural_images/aymara_card.webp,,https://www.culturesherpa.org/explore/cultural_images/aymara_card.webp,True,Index path absent from git and 404 on live explore CDN; R2 gfv-media not inventoried
azerbaijan,Azerbaijan,Caucasus,ready,high,True,/cultural_images/azerbaijan_card.webp,/cultural_images/azerbaijan_card.webp,website-astro/public/cultural_images/azerbaijan_card.webp,https://www.culturesherpa.org/explore/cultural_images/azerbaijan_card.webp,True,
badaga,Badaga,"Nilgiri Hills, Tamil Nadu, India",probable-match,medium,False,/cultural_images/badaga_card.webp,/cultural_images/badaga_card.webp,,https://www.culturesherpa.org/explore/cultural_images/badaga_card.webp,True,Index path absent from git and 404 on live explore CDN; R2 gfv-media not inventoried
bahamas,Bahamas,Caribbean,ready,high,True,/cultural_images/bahamas_card.webp,/cultural_images/bahamas_card.webp,website-astro/public/cultural_images/bahamas_card.webp,https://www.culturesherpa.org/explore/cultural_images/bahamas_card.webp,True,
balanta,Balanta,West Africa,ready,high,True,/cultural_images/balanta_card.webp,/cultural_images/balanta_card.webp,website-astro/public/cultural_images/balanta_card.webp,https://www.culturesherpa.org/explore/cultural_images/balanta_card.webp,True,
balinese,Balinese,"Bali, Indonesia",ready,high,True,/cultural_images/balinese_card.webp,/cultural_images/balinese_card.webp,website-astro/public/cultural_images/balinese_card.webp,https://www.culturesherpa.org/explore/cultural_images/balinese_card.webp,True,
balkars,Balkars,"Caucasus, Kabardino-Balkaria, Russia",ready,high,True,/cultural_images/balkars_card.webp,/cultural_images/balkars_card.webp,website-astro/public/cultural_images/balkars_card.webp,https://www.culturesherpa.org/explore/cultural_images/balkars_card.webp,True,
balochs,Balochs,South Asia,ready,high,True,/cultural_images/balochs_card.webp,/cultural_images/balochs_card.webp,website-astro/public/cultural_images/balochs_card.webp,https://www.culturesherpa.org/explore/cultural_images/balochs_card.webp,True,
bamum,Bamum,"Grassfields, Cameroon",ready,high,True,/cultural_images/bamum_card.webp,/cultural_images/bamum_card.webp,website-astro/public/cultural_images/bamum_card.webp,https://www.culturesherpa.org/explore/cultural_images/bamum_card.webp,True,
banda,Banda,Central Africa,ready,high,True,/cultural_images/banda_card.webp,/cultural_images/banda_card.webp,website-astro/public/cultural_images/banda_card.webp,https://www.culturesherpa.org/explore/cultural_images/banda_card.webp,True,
bandanese,Bandanese,"Banda Islands, Indonesia",ready,high,True,/cultural_images/bandanese_card.webp,/cultural_images/bandanese_card.webp,website-astro/public/cultural_images/bandanese_card.webp,https://www.culturesherpa.org/explore/cultural_images/bandanese_card.webp,True,
bangladeshi,Bangladeshi,South Asia,ready,high,True,/cultural_images/bangladeshi_card.webp,/cultural_images/bangladeshi_card.webp,website-astro/public/cultural_images/bangladeshi_card.webp,https://www.culturesherpa.org/explore/cultural_images/bangladeshi_card.webp,True,
bangladeshi_diaspora,Bangladeshi Diaspora,Global,probable-match,medium,False,/cultural_images/bangladeshi_diaspora_card.webp,/cultural_images/bangladeshi_diaspora_card.webp,,https://www.culturesherpa.org/explore/cultural_images/bangladeshi_diaspora_card.webp,True,Index path absent from git and 404 on live explore CDN; R2 gfv-media not inventoried
bangweulu_twa,Bangweulu Twa,"Bangweulu wetlands, Zambia",ready,high,True,/cultural_images/bangweulu_twa_card.webp,/cultural_images/bangweulu_twa_card.webp,website-astro/public/cultural_images/bangweulu_twa_card.webp,https://www.culturesherpa.org/explore/cultural_images/bangweulu_twa_card.webp,True,
baniwa,Baniwa,Amazon Basin,ready,high,True,/cultural_images/baniwa_card.webp,/cultural_images/baniwa_card.webp,website-astro/public/cultural_images/baniwa_card.webp,https://www.culturesherpa.org/explore/cultural_images/baniwa_card.webp,True,
banjara,Banjara,South Asia,ready,high,True,/cultural_images/banjara_card.webp,/cultural_images/banjara_card.webp,website-astro/public/cultural_images/banjara_card.webp,https://www.culturesherpa.org/explore/cultural_images/banjara_card.webp,True,
banjarese,Banjarese,"South Kalimantan, Indonesia",ready,high,True,/cultural_images/banjarese_card.webp,/cultural_images/banjarese_card.webp,website-astro/public/cultural_images/banjarese_card.webp,https://www.culturesherpa.org/explore/cultural_images/banjarese_card.webp,True,
bari,Bari,South Sudan,ready,high,True,/cultural_images/bari_card.webp,/cultural_images/bari_card.webp,website-astro/public/cultural_images/bari_card.webp,https://www.culturesherpa.org/explore/cultural_images/bari_card.webp,True,
bariba,Bariba,West Africa,ready,high,True,/cultural_images/bariba_card.webp,/cultural_images/bariba_card.webp,website-astro/public/cultural_images/bariba_card.webp,https://www.culturesherpa.org/explore/cultural_images/bariba_card.webp,True,
basque,Basque,Europe,ready,high,True,/cultural_images/basque_card.webp,/cultural_images/basque_card.webp,website-astro/public/cultural_images/basque_card.webp,https://www.culturesherpa.org/explore/cultural_images/basque_card.webp,True,
batak,Batak,"North Sumatra, Indonesia",probable-match,medium,False,/cultural_images/batak_card.webp,/cultural_images/batak_card.webp,,https://www.culturesherpa.org/explore/cultural_images/batak_card.webp,True,Index path absent from git and 404 on live explore CDN; R2 gfv-media not inventoried
bauzi,Bauzi,"Papua, Indonesia",ready,high,True,/cultural_images/bauzi_card.webp,/cultural_images/bauzi_card.webp,website-astro/public/cultural_images/bauzi_card.webp,https://www.culturesherpa.org/explore/cultural_images/bauzi_card.webp,True,
bavarians,Bavarians,Europe,ready,high,True,/cultural_images/bavarians_card.webp,/cultural_images/bavarians_card.webp,website-astro/public/cultural_images/bavarians_card.webp,https://www.culturesherpa.org/explore/cultural_images/bavarians_card.webp,True,
bazigar,Bazigar,South Asia,ready,high,True,/cultural_images/bazigar_card.webp,/cultural_images/bazigar_card.webp,website-astro/public/cultural_images/bazigar_card.webp,https://www.culturesherpa.org/explore/cultural_images/bazigar_card.webp,True,
beja,Beja,Northeastern Africa,ready,high,True,/cultural_images/beja_card.webp,/cultural_images/beja_card.webp,website-astro/public/cultural_images/beja_card.webp,https://www.culturesherpa.org/explore/cultural_images/beja_card.webp,True,
belarus,Belarus,Eastern Europe,ready,high,True,/cultural_images/belarus_card.webp,/cultural_images/belarus_card.webp,website-astro/public/cultural_images/belarus_card.webp,https://www.culturesherpa.org/explore/cultural_images/belarus_card.webp,True,
belgian,Belgian,Western Europe,ready,high,True,/cultural_images/belgian_card.webp,/cultural_images/belgian_card.webp,website-astro/public/cultural_images/belgian_card.webp,https://www.culturesherpa.org/explore/cultural_images/belgian_card.webp,True,
belize,Belize,Central America,ready,high,True,/cultural_images/belize_card.webp,/cultural_images/belize_card.webp,website-astro/public/cultural_images/belize_card.webp,https://www.culturesherpa.org/explore/cultural_images/belize_card.webp,True,
beninese,Beninese,West Africa,ready,high,True,/cultural_images/beninese_card.webp,/cultural_images/beninese_card.webp,website-astro/public/cultural_images/beninese_card.webp,https://www.culturesherpa.org/explore/cultural_images/beninese_card.webp,True,
berbers,Berbers,North Africa,ready,high,True,/cultural_images/berbers_card.webp,/cultural_images/berbers_card.webp,website-astro/public/cultural_images/berbers_card.webp,https://www.culturesherpa.org/explore/cultural_images/berbers_card.webp,True,
berom,Berom,"Plateau State, Nigeria",ready,high,True,/cultural_images/berom_card.webp,/cultural_images/berom_card.webp,website-astro/public/cultural_images/berom_card.webp,https://www.culturesherpa.org/explore/cultural_images/berom_card.webp,True,
bhumij,Bhumij,South Asia,probable-match,medium,False,/cultural_images/bhumij_card.webp,/cultural_images/bhumij_card.webp,,https://www.culturesherpa.org/explore/cultural_images/bhumij_card.webp,True,Index path absent from git and 404 on live explore CDN; R2 gfv-media not inventoried
bhutanese,Bhutanese,South Asia,ready,high,True,/cultural_images/bhutanese_card.webp,/cultural_images/bhutanese_card.webp,website-astro/public/cultural_images/bhutanese_card.webp,https://www.culturesherpa.org/explore/cultural_images/bhutanese_card.webp,True,
bidayuh,Bidayuh,Southeast Asia,probable-match,medium,False,/cultural_images/bidayuh_card.webp,/cultural_images/bidayuh_card.webp,,https://www.culturesherpa.org/explore/cultural_images/bidayuh_card.webp,True,Index path absent from git and 404 on live explore CDN; R2 gfv-media not inventoried
bodo,Bodo,"Assam, India",ready,high,True,/cultural_images/bodo_card.webp,/cultural_images/bodo_card.webp,website-astro/public/cultural_images/bodo_card.webp,https://www.culturesherpa.org/explore/cultural_images/bodo_card.webp,True,
boeroes,Boeroes,Suriname,ready,high,True,/cultural_images/boeroes_card.webp,/cultural_images/boeroes_card.webp,website-astro/public/cultural_images/boeroes_card.webp,https://www.culturesherpa.org/explore/cultural_images/boeroes_card.webp,True,
boers,Boers,"Southern Africa, primarily South Africa",ready,high,True,/cultural_images/boers_card.webp,/cultural_images/boers_card.webp,website-astro/public/cultural_images/boers_card.webp,https://www.culturesherpa.org/explore/cultural_images/boers_card.webp,True,
bokota,Bokota,"Bocas del Toro, Panama",ready,high,True,/cultural_images/bokota_card.webp,/cultural_images/bokota_card.webp,website-astro/public/cultural_images/bokota_card.webp,https://www.culturesherpa.org/explore/cultural_images/bokota_card.webp,True,
bolivian,Bolivian,South America,ready,high,True,/cultural_images/bolivian_card.webp,/cultural_images/bolivian_card.webp,website-astro/public/cultural_images/bolivian_card.webp,https://www.culturesherpa.org/explore/cultural_images/bolivian_card.webp,True,
bondei,Bondei,"Tanga Region, Tanzania",ready,high,True,/cultural_images/bondei_card.webp,/cultural_images/bondei_card.webp,website-astro/public/cultural_images/bondei_card.webp,https://www.culturesherpa.org/explore/cultural_images/bondei_card.webp,True,
bororo,Bororo,"Central Brazil, Mato Grosso",ready,high,True,/cultural_images/bororo_card.webp,/cultural_images/bororo_card.webp,website-astro/public/cultural_images/bororo_card.webp,https://www.culturesherpa.org/explore/cultural_images/bororo_card.webp,True,
bosnia_and_herzegovina,Bosnia And Herz,Southeast Europe,ready,high,True,/cultural_images/bosnia_and_herzegovina_card.webp,/cultural_images/bosnia_and_herzegovina_card.webp|/cultural_images/bosnia_and_herz_card.webp,website-astro/public/cultural_images/bosnia_and_herzegovina_card.webp,https://www.culturesherpa.org/explore/cultural_images/bosnia_and_herzegovina_card.webp,True,
botswanan,Botswanan,Southern Africa,ready,high,True,/cultural_images/botswanan_card.webp,/cultural_images/botswanan_card.webp,website-astro/public/cultural_images/botswanan_card.webp,https://www.culturesherpa.org/explore/cultural_images/botswanan_card.webp,True,
brahui,Brahui,South Asia,probable-match,medium,False,/cultural_images/brahui_card.webp,/cultural_images/brahui_card.webp,,https://www.culturesherpa.org/explore/cultural_images/brahui_card.webp,True,Index path absent from git and 404 on live explore CDN; R2 gfv-media not inventoried
brazilian,Brazilian,South America,ready,high,True,/cultural_images/brazilian_card.webp,/cultural_images/brazilian_card.webp,website-astro/public/cultural_images/brazilian_card.webp,https://www.culturesherpa.org/explore/cultural_images/brazilian_card.webp,True,
brazilian_diaspora,Brazilian Diaspora,Global,probable-match,medium,False,/cultural_images/brazilian_diaspora_card.webp,/cultural_images/brazilian_diaspora_card.webp,,https://www.culturesherpa.org/explore/cultural_images/brazilian_diaspora_card.webp,True,Index path absent from git and 404 on live explore CDN; R2 gfv-media not inventoried
breton,Breton,"Brittany, France",probable-match,medium,False,/cultural_images/breton_card.webp,/cultural_images/breton_card.webp,,https://www.culturesherpa.org/explore/cultural_images/breton_card.webp,True,Index path absent from git and 404 on live explore CDN; R2 gfv-media not inventoried
british,British,United Kingdom,ready,high,True,/cultural_images/british_card.webp,/cultural_images/british_card.webp,website-astro/public/cultural_images/british_card.webp,https://www.culturesherpa.org/explore/cultural_images/british_card.webp,True,
british_caribbean,British Caribbean,United Kingdom and Caribbean Islands,probable-match,medium,False,/cultural_images/british_caribbean_card.webp,/cultural_images/british_caribbean_card.webp,,https://www.culturesherpa.org/explore/cultural_images/british_caribbean_card.webp,True,Index path absent from git and 404 on live explore CDN; R2 gfv-media not inventoried
british_south_asian,British South Asian,United Kingdom,probable-match,medium,False,/cultural_images/british_south_asian_card.webp,/cultural_images/british_south_asian_card.webp,,https://www.culturesherpa.org/explore/cultural_images/british_south_asian_card.webp,True,Index path absent from git and 404 on live explore CDN; R2 gfv-media not inventoried
british_west_african,British West African,West Africa,probable-match,medium,False,/cultural_images/british_west_african_card.webp,/cultural_images/british_west_african_card.webp,,https://www.culturesherpa.org/explore/cultural_images/british_west_african_card.webp,True,Index path absent from git and 404 on live explore CDN; R2 gfv-media not inventoried
brunei,Brunei,Southeast Asia,ready,high,True,/cultural_images/brunei_card.webp,/cultural_images/brunei_card.webp,website-astro/public/cultural_images/brunei_card.webp,https://www.culturesherpa.org/explore/cultural_images/brunei_card.webp,True,
bulgarian,Bulgarian,Southeastern Europe,ready,high,True,/cultural_images/bulgarian_card.webp,/cultural_images/bulgarian_card.webp,website-astro/public/cultural_images/bulgarian_card.webp,https://www.culturesherpa.org/explore/cultural_images/bulgarian_card.webp,True,
burkinabe,Burkinabe,West Africa,ready,high,True,/cultural_images/burkinabe_card.webp,/cultural_images/burkinabe_card.webp,website-astro/public/cultural_images/burkinabe_card.webp,https://www.culturesherpa.org/explore/cultural_images/burkinabe_card.webp,True,
burmese,Burmese,Southeast Asia,ready,high,True,/cultural_images/burmese_card.webp,/cultural_images/burmese_card.webp,website-astro/public/cultural_images/burmese_card.webp,https://www.culturesherpa.org/explore/cultural_images/burmese_card.webp,True,
burundian,Burundian,East Africa,ready,high,True,/cultural_images/burundian_card.webp,/cultural_images/burundian_card.webp,website-astro/public/cultural_images/burundian_card.webp,https://www.culturesherpa.org/explore/cultural_images/burundian_card.webp,True,
burusho,Burusho,South Asia,probable-match,medium,False,/cultural_images/burusho_card.webp,/cultural_images/burusho_card.webp,,https://www.culturesherpa.org/explore/cultural_images/burusho_card.webp,True,Index path absent from git and 404 on live explore CDN; R2 gfv-media not inventoried
buryats,Buryats,Siberia,ready,high,True,/cultural_images/buryats_card.webp,/cultural_images/buryats_card.webp,website-astro/public/cultural_images/buryats_card.webp,https://www.culturesherpa.org/explore/cultural_images/buryats_card.webp,True,
butonese,Butonese,"Southeast Sulawesi, Indonesia",ready,high,True,/cultural_images/butonese_card.webp,/cultural_images/butonese_card.webp,website-astro/public/cultural_images/butonese_card.webp,https://www.culturesherpa.org/explore/cultural_images/butonese_card.webp,True,
bwa,Bwa,West Africa,ready,high,True,/cultural_images/bwa_card.webp,/cultural_images/bwa_card.webp,website-astro/public/cultural_images/bwa_card.webp,https://www.culturesherpa.org/explore/cultural_images/bwa_card.webp,True,
bwatiye,Bwatiye,Central Africa,ready,high,True,/cultural_images/bwatiye_card.webp,/cultural_images/bwatiye_card.webp,website-astro/public/cultural_images/bwatiye_card.webp,https://www.culturesherpa.org/explore/cultural_images/bwatiye_card.webp,True,
cabiyari,Cabiyari,"Amazon rainforest, Vaupés, Colombia",ready,high,True,/cultural_images/cabiyari_card.webp,/cultural_images/cabiyari_card.webp,website-astro/public/cultural_images/cabiyari_card.webp,https://www.culturesherpa.org/explore/cultural_images/cabiyari_card.webp,True,
caddo,Caddo,North America,ready,high,True,/cultural_images/caddo_card.webp,/cultural_images/caddo_card.webp,website-astro/public/cultural_images/caddo_card.webp,https://www.culturesherpa.org/explore/cultural_images/caddo_card.webp,True,
cahuilla,Cahuilla,"Southern California, USA",ready,high,True,/cultural_images/cahuilla_card.webp,/cultural_images/cahuilla_card.webp,website-astro/public/cultural_images/cahuilla_card.webp,https://www.culturesherpa.org/explore/cultural_images/cahuilla_card.webp,True,
caldoche,Caldoche,"New Caledonia, South Pacific",ready,high,True,/cultural_images/caldoche_card.webp,/cultural_images/caldoche_card.webp,website-astro/public/cultural_images/caldoche_card.webp,https://www.culturesherpa.org/explore/cultural_images/caldoche_card.webp,True,
cambodian,Cambodian,Southeast Asia,ready,high,True,/cultural_images/cambodian_card.webp,/cultural_images/cambodian_card.webp,website-astro/public/cultural_images/cambodian_card.webp,https://www.culturesherpa.org/explore/cultural_images/cambodian_card.webp,True,
cambodian_american,Cambodian American,United States,probable-match,medium,False,/cultural_images/cambodian_american_card.webp,/cultural_images/cambodian_american_card.webp,,https://www.culturesherpa.org/explore/cultural_images/cambodian_american_card.webp,True,Index path absent from git and 404 on live explore CDN; R2 gfv-media not inventoried
cameroonian,Cameroonian,Central Africa,ready,high,True,/cultural_images/cameroonian_card.webp,/cultural_images/cameroonian_card.webp,website-astro/public/cultural_images/cameroonian_card.webp,https://www.culturesherpa.org/explore/cultural_images/cameroonian_card.webp,True,
camminanti,Camminanti,"Sicily, Italy",ready,high,True,/cultural_images/camminanti_card.webp,/cultural_images/camminanti_card.webp,website-astro/public/cultural_images/camminanti_card.webp,https://www.culturesherpa.org/explore/cultural_images/camminanti_card.webp,True,
canadian,Canadian,North America,ready,high,True,/cultural_images/canadian_card.webp,/cultural_images/canadian_card.webp,website-astro/public/cultural_images/canadian_card.webp,https://www.culturesherpa.org/explore/cultural_images/canadian_card.webp,True,
cape_malay,Cape Malay,"Western Cape, South Africa",probable-match,medium,False,/cultural_images/cape_malay_card.webp,/cultural_images/cape_malay_card.webp,,https://www.culturesherpa.org/explore/cultural_images/cape_malay_card.webp,True,Index path absent from git and 404 on live explore CDN; R2 gfv-media not inventoried
cayuga,Cayuga,North America,probable-match,medium,False,/cultural_images/cayuga_card.webp,/cultural_images/cayuga_card.webp,,https://www.culturesherpa.org/explore/cultural_images/cayuga_card.webp,True,Index path absent from git and 404 on live explore CDN; R2 gfv-media not inventoried
central_african_republic,Central African Rep,Central Africa,ready,high,True,/cultural_images/central_african_republic_card.webp,/cultural_images/central_african_republic_card.webp|/cultural_images/central_african_rep_card.webp,website-astro/public/cultural_images/central_african_republic_card.webp,https://www.culturesherpa.org/explore/cultural_images/central_african_republic_card.webp,True,
chadian,Chadian,Central Africa,ready,high,True,/cultural_images/chadian_card.webp,/cultural_images/chadian_card.webp,website-astro/public/cultural_images/chadian_card.webp,https://www.culturesherpa.org/explore/cultural_images/chadian_card.webp,True,
chamorro,Chamorro,Pacific Islands,probable-match,medium,False,/cultural_images/chamorro_card.webp,/cultural_images/chamorro_card.webp,,https://www.culturesherpa.org/explore/cultural_images/chamorro_card.webp,True,Index path absent from git and 404 on live explore CDN; R2 gfv-media not inventoried
cherokee,Cherokee,North America,ready,high,True,/cultural_images/cherokee_card.webp,/cultural_images/cherokee_card.webp,website-astro/public/cultural_images/cherokee_card.webp,https://www.culturesherpa.org/explore/cultural_images/cherokee_card.webp,True,
chicano,Chicano,North America,probable-match,medium,False,/cultural_images/chicano_card.webp,/cultural_images/chicano_card.webp,,https://www.culturesherpa.org/explore/cultural_images/chicano_card.webp,True,Index path absent from git and 404 on live explore CDN; R2 gfv-media not inventoried
chilean,Chilean,South America,ready,high,True,/cultural_images/chilean_card.webp,/cultural_images/chilean_card.webp,website-astro/public/cultural_images/chilean_card.webp,https://www.culturesherpa.org/explore/cultural_images/chilean_card.webp,True,
chinese,Chinese,East Asia,ready,high,True,/cultural_images/chinese_card.webp,/cultural_images/chinese_card.webp,website-astro/public/cultural_images/chinese_card.webp,https://www.culturesherpa.org/explore/cultural_images/chinese_card.webp,True,
chinese_american,Chinese American,United States,ready,high,True,/cultural_images/chinese_american_card.webp,/cultural_images/chinese_american_card.webp,website-astro/public/cultural_images/chinese_american_card.webp,https://www.culturesherpa.org/explore/cultural_images/chinese_american_card.webp,True,
chumash,Chumash,"California, USA",probable-match,medium,False,/cultural_images/chumash_card.webp,/cultural_images/chumash_card.webp,,https://www.culturesherpa.org/explore/cultural_images/chumash_card.webp,True,Index path absent from git and 404 on live explore CDN; R2 gfv-media not inventoried
circassians,Circassians,North Caucasus,ready,high,True,/cultural_images/circassians_card.webp,/cultural_images/circassians_card.webp,website-astro/public/cultural_images/circassians_card.webp,https://www.culturesherpa.org/explore/cultural_images/circassians_card.webp,True,
cirebonese,Cirebonese,"West Java, Indonesia",ready,high,True,/cultural_images/cirebonese_card.webp,/cultural_images/cirebonese_card.webp,website-astro/public/cultural_images/cirebonese_card.webp,https://www.culturesherpa.org/explore/cultural_images/cirebonese_card.webp,True,
colombian,Colombian,South America,ready,high,True,/cultural_images/colombian_card.webp,/cultural_images/colombian_card.webp,website-astro/public/cultural_images/colombian_card.webp,https://www.culturesherpa.org/explore/cultural_images/colombian_card.webp,True,
columbian_diaspora,Columbian Diaspora,Europe,probable-match,medium,False,/cultural_images/columbian_diaspora_card.webp,/cultural_images/columbian_diaspora_card.webp,,https://www.culturesherpa.org/explore/cultural_images/columbian_diaspora_card.webp,True,Index path absent from git and 404 on live explore CDN; R2 gfv-media not inventoried
congolese_drc,Congolese (DRC),Central Africa,probable-match,medium,False,/cultural_images/congolese_drc_card.webp,/cultural_images/congolese_drc_card.webp,,https://www.culturesherpa.org/explore/cultural_images/congolese_drc_card.webp,True,Index path absent from git and 404 on live explore CDN; R2 gfv-media not inventoried
copts,Copts,"North Africa, primarily Egypt",ready,high,True,/cultural_images/copts_card.webp,/cultural_images/copts_card.webp,website-astro/public/cultural_images/copts_card.webp,https://www.culturesherpa.org/explore/cultural_images/copts_card.webp,True,
cornish,Cornish,"Cornwall, United Kingdom",ready,high,True,/cultural_images/cornish_card.webp,/cultural_images/cornish_card.webp,website-astro/public/cultural_images/cornish_card.webp,https://www.culturesherpa.org/explore/cultural_images/cornish_card.webp,True,
corsicans,Corsicans,"Corsica, France",ready,high,True,/cultural_images/corsicans_card.webp,/cultural_images/corsicans_card.webp,website-astro/public/cultural_images/corsicans_card.webp,https://www.culturesherpa.org/explore/cultural_images/corsicans_card.webp,True,
cossacks,Cossacks,Europe,ready,high,True,/cultural_images/cossacks_card.webp,/cultural_images/cossacks_card.webp,website-astro/public/cultural_images/cossacks_card.webp,https://www.culturesherpa.org/explore/cultural_images/cossacks_card.webp,True,
costa_rica,Costa Rica,Central America,ready,high,True,/cultural_images/costa_rica_card.webp,/cultural_images/costa_rica_card.webp,website-astro/public/cultural_images/costa_rica_card.webp,https://www.culturesherpa.org/explore/cultural_images/costa_rica_card.webp,True,
coushatta,Coushatta,North America,ready,high,True,/cultural_images/coushatta_card.webp,/cultural_images/coushatta_card.webp,website-astro/public/cultural_images/coushatta_card.webp,https://www.culturesherpa.org/explore/cultural_images/coushatta_card.webp,True,
cree,Cree,North America,ready,high,True,/cultural_images/cree_card.webp,/cultural_images/cree_card.webp,website-astro/public/cultural_images/cree_card.webp,https://www.culturesherpa.org/explore/cultural_images/cree_card.webp,True,
creole,Creole,South America,probable-match,medium,False,/cultural_images/creole_card.webp,/cultural_images/creole_card.webp,,https://www.culturesherpa.org/explore/cultural_images/creole_card.webp,True,Index path absent from git and 404 on live explore CDN; R2 gfv-media not inventoried
croatian,Croatian,Southeastern Europe,ready,high,True,/cultural_images/croatian_card.webp,/cultural_images/croatian_card.webp,website-astro/public/cultural_images/croatian_card.webp,https://www.culturesherpa.org/explore/cultural_images/croatian_card.webp,True,
crow,Crow,"Primarily in Montana, United States.",probable-match,medium,False,/cultural_images/crow_card.webp,/cultural_images/crow_card.webp,,https://www.culturesherpa.org/explore/cultural_images/crow_card.webp,True,Index path absent from git and 404 on live explore CDN; R2 gfv-media not inventoried
cuban,Cuban,Caribbean,ready,high,True,/cultural_images/cuban_card.webp,/cultural_images/cuban_card.webp,website-astro/public/cultural_images/cuban_card.webp,https://www.culturesherpa.org/explore/cultural_images/cuban_card.webp,True,
cuban_american,Cuban American,United States,probable-match,medium,False,/cultural_images/cuban_american_card.webp,/cultural_images/cuban_american_card.webp,,https://www.culturesherpa.org/explore/cultural_images/cuban_american_card.webp,True,Index path absent from git and 404 on live explore CDN; R2 gfv-media not inventoried
cypriot,Cypriot,Eastern Mediterranean,ready,high,True,/cultural_images/cypriot_card.webp,/cultural_images/cypriot_card.webp,website-astro/public/cultural_images/cypriot_card.webp,https://www.culturesherpa.org/explore/cultural_images/cypriot_card.webp,True,
czech,Czech,Central Europe,ready,high,True,/cultural_images/czech_card.webp,/cultural_images/czech_card.webp,website-astro/public/cultural_images/czech_card.webp,https://www.culturesherpa.org/explore/cultural_images/czech_card.webp,True,
cote_d_ivoire,Côte d'Ivoire,West Africa,ambiguous,low,False,/cultural_images/cote_d_ivoire_card.webp,/cultural_images/cote_d_ivoire_card.webp|/cultural_images/cote_divoire_card.webp,,https://www.culturesherpa.org/explore/cultural_images/cote_d_ivoire_card.webp,True,Both alias filenames 404 on git and live explore CDN; R2 not checked
dalmatian,Dalmatian,"Dalmatia, Croatia",probable-match,medium,False,/cultural_images/dalmatian_card.webp,/cultural_images/dalmatian_card.webp,,https://www.culturesherpa.org/explore/cultural_images/dalmatian_card.webp,True,Index path absent from git and 404 on live explore CDN; R2 gfv-media not inventoried
dani,Dani,"Central Highlands of Papua, Indonesia",probable-match,medium,False,/cultural_images/dani_card.webp,/cultural_images/dani_card.webp,,https://www.culturesherpa.org/explore/cultural_images/dani_card.webp,True,Index path absent from git and 404 on live explore CDN; R2 gfv-media not inventoried
danish,Danish,Northern Europe,ready,high,True,/cultural_images/danish_card.webp,/cultural_images/danish_card.webp,website-astro/public/cultural_images/danish_card.webp,https://www.culturesherpa.org/explore/cultural_images/danish_card.webp,True,
democratic_peoples_republic_of_korea,Democratic Peoples Republic Of Korea,East Asia,probable-match,medium,False,/cultural_images/democratic_peoples_republic_of_korea_card.webp,/cultural_images/democratic_peoples_republic_of_korea_card.webp,,https://www.culturesherpa.org/explore/cultural_images/democratic_peoples_republic_of_korea_card.webp,True,Index path absent from git and 404 on live explore CDN; R2 gfv-media not inventoried
djibouti,Djibouti,Horn of Africa,ready,high,True,/cultural_images/djibouti_card.webp,/cultural_images/djibouti_card.webp,website-astro/public/cultural_images/djibouti_card.webp,https://www.culturesherpa.org/explore/cultural_images/djibouti_card.webp,True,
dogon,Dogon,"Mali, West Africa",ready,high,True,/cultural_images/dogon_card.webp,/cultural_images/dogon_card.webp,website-astro/public/cultural_images/dogon_card.webp,https://www.culturesherpa.org/explore/cultural_images/dogon_card.webp,True,
dogras,Dogras,"Jammu and Kashmir, India",ready,high,True,/cultural_images/dogras_card.webp,/cultural_images/dogras_card.webp,website-astro/public/cultural_images/dogras_card.webp,https://www.culturesherpa.org/explore/cultural_images/dogras_card.webp,True,
dolan,Dolan,"Xinjiang, China",ready,high,True,/cultural_images/dolan_card.webp,/cultural_images/dolan_card.webp,website-astro/public/cultural_images/dolan_card.webp,https://www.culturesherpa.org/explore/cultural_images/dolan_card.webp,True,
dominican_american,Dominican American,North America,probable-match,medium,False,/cultural_images/dominican_american_card.webp,/cultural_images/dominican_american_card.webp,,https://www.culturesherpa.org/explore/cultural_images/dominican_american_card.webp,True,Index path absent from git and 404 on live explore CDN; R2 gfv-media not inventoried
dominican_republic,Dominican Rep,Caribbean,ready,high,True,/cultural_images/dominican_republic_card.webp,/cultural_images/dominican_republic_card.webp|/cultural_images/dominican_rep_card.webp,website-astro/public/cultural_images/dominican_republic_card.webp,https://www.culturesherpa.org/explore/cultural_images/dominican_republic_card.webp,True,
dutch,Dutch,Western Europe,ready,high,True,/cultural_images/dutch_card.webp,/cultural_images/dutch_card.webp,website-astro/public/cultural_images/dutch_card.webp,https://www.culturesherpa.org/explore/cultural_images/dutch_card.webp,True,
east_indian_catholics,East Indian Catholics,"Mumbai, Maharashtra, India",ready,high,True,/cultural_images/east_indian_catholics_card.webp,/cultural_images/east_indian_catholics_card.webp,website-astro/public/cultural_images/east_indian_catholics_card.webp,https://www.culturesherpa.org/explore/cultural_images/east_indian_catholics_card.webp,True,
ebira,Ebira,Central Nigeria,ready,high,True,/cultural_images/ebira_card.webp,/cultural_images/ebira_card.webp,website-astro/public/cultural_images/ebira_card.webp,https://www.culturesherpa.org/explore/cultural_images/ebira_card.webp,True,
ecuadorian,Ecuadorian,South America,ready,high,True,/cultural_images/ecuadorian_card.webp,/cultural_images/ecuadorian_card.webp,website-astro/public/cultural_images/ecuadorian_card.webp,https://www.culturesherpa.org/explore/cultural_images/ecuadorian_card.webp,True,
edo,Edo,Southern Nigeria,ready,high,True,/cultural_images/edo_card.webp,/cultural_images/edo_card.webp,website-astro/public/cultural_images/edo_card.webp,https://www.culturesherpa.org/explore/cultural_images/edo_card.webp,True,
efik,Efik,West Africa,ready,high,True,/cultural_images/efik_card.webp,/cultural_images/efik_card.webp,website-astro/public/cultural_images/efik_card.webp,https://www.culturesherpa.org/explore/cultural_images/efik_card.webp,True,
egyptian,Egyptian,North Africa,ready,high,True,/cultural_images/egyptian_card.webp,/cultural_images/egyptian_card.webp,website-astro/public/cultural_images/egyptian_card.webp,https://www.culturesherpa.org/explore/cultural_images/egyptian_card.webp,True,
ekari,Ekari,"Papua Province, Indonesia",ready,high,True,/cultural_images/ekari_card.webp,/cultural_images/ekari_card.webp,website-astro/public/cultural_images/ekari_card.webp,https://www.culturesherpa.org/explore/cultural_images/ekari_card.webp,True,
ekoi,Ekoi,West Africa,ready,high,True,/cultural_images/ekoi_card.webp,/cultural_images/ekoi_card.webp,website-astro/public/cultural_images/ekoi_card.webp,https://www.culturesherpa.org/explore/cultural_images/ekoi_card.webp,True,
el_salvador,El Salvador,Central America,ready,high,True,/cultural_images/el_salvador_card.webp,/cultural_images/el_salvador_card.webp,website-astro/public/cultural_images/el_salvador_card.webp,https://www.culturesherpa.org/explore/cultural_images/el_salvador_card.webp,True,
el_salvadoran_american,El Salvadoran American,United States,probable-match,medium,False,/cultural_images/el_salvadoran_american_card.webp,/cultural_images/el_salvadoran_american_card.webp,,https://www.culturesherpa.org/explore/cultural_images/el_salvadoran_american_card.webp,True,Index path absent from git and 404 on live explore CDN; R2 gfv-media not inventoried
emae,Emae,"Shepherd Islands, Vanuatu",ready,high,True,/cultural_images/emae_card.webp,/cultural_images/emae_card.webp,website-astro/public/cultural_images/emae_card.webp,https://www.culturesherpa.org/explore/cultural_images/emae_card.webp,True,
emirati,Emirati,Middle East,ready,high,True,/cultural_images/emirati_card.webp,/cultural_images/emirati_card.webp,website-astro/public/cultural_images/emirati_card.webp,https://www.culturesherpa.org/explore/cultural_images/emirati_card.webp,True,
enets,Enets,"Taimyr Peninsula, Siberia, Russia",probable-match,medium,False,/cultural_images/enets_card.webp,/cultural_images/enets_card.webp,,https://www.culturesherpa.org/explore/cultural_images/enets_card.webp,True,Index path absent from git and 404 on live explore CDN; R2 gfv-media not inventoried
equatorial_guinea,Eq Guinea,Central Africa,ready,high,True,/cultural_images/equatorial_guinea_card.webp,/cultural_images/equatorial_guinea_card.webp|/cultural_images/eq_guinea_card.webp,website-astro/public/cultural_images/equatorial_guinea_card.webp,https://www.culturesherpa.org/explore/cultural_images/equatorial_guinea_card.webp,True,
eritrean,Eritrean,Horn of Africa,ready,high,True,/cultural_images/eritrean_card.webp,/cultural_images/eritrean_card.webp,website-astro/public/cultural_images/eritrean_card.webp,https://www.culturesherpa.org/explore/cultural_images/eritrean_card.webp,True,
estonia,Estonia,Northern Europe,ready,high,True,/cultural_images/estonia_card.webp,/cultural_images/estonia_card.webp,website-astro/public/cultural_images/estonia_card.webp,https://www.culturesherpa.org/explore/cultural_images/estonia_card.webp,True,
eswatini,eSwatini,Southern Africa,ready,high,True,/cultural_images/eswatini_card.webp,/cultural_images/eswatini_card.webp,website-astro/public/cultural_images/eswatini_card.webp,https://www.culturesherpa.org/explore/cultural_images/eswatini_card.webp,True,
ethiopian,Ethiopian,Horn of Africa,ready,high,True,/cultural_images/ethiopian_card.webp,/cultural_images/ethiopian_card.webp,website-astro/public/cultural_images/ethiopian_card.webp,https://www.culturesherpa.org/explore/cultural_images/ethiopian_card.webp,True,
ethiopian_diaspora,Ethiopian Diaspora,Middle East,probable-match,medium,False,/cultural_images/ethiopian_diaspora_card.webp,/cultural_images/ethiopian_diaspora_card.webp,,https://www.culturesherpa.org/explore/cultural_images/ethiopian_diaspora_card.webp,True,Index path absent from git and 404 on live explore CDN; R2 gfv-media not inventoried
falkland_islands,Falkland Is,South Atlantic Ocean,ready,high,True,/cultural_images/falkland_islands_card.webp,/cultural_images/falkland_islands_card.webp|/cultural_images/falkland_is_card.webp,website-astro/public/cultural_images/falkland_islands_card.webp,https://www.culturesherpa.org/explore/cultural_images/falkland_islands_card.webp,True,
faroese,Faroese,"Faroe Islands, North Atlantic",probable-match,medium,False,/cultural_images/faroese_card.webp,/cultural_images/faroese_card.webp,,https://www.culturesherpa.org/explore/cultural_images/faroese_card.webp,True,Index path absent from git and 404 on live explore CDN; R2 gfv-media not inventoried
fijian,Fijian,Pacific Islands,ready,high,True,/cultural_images/fijian_card.webp,/cultural_images/fijian_card.webp,website-astro/public/cultural_images/fijian_card.webp,https://www.culturesherpa.org/explore/cultural_images/fijian_card.webp,True,
filipino,Filipino,Southeast Asia,ready,high,True,/cultural_images/filipino_card.webp,/cultural_images/filipino_card.webp,website-astro/public/cultural_images/filipino_card.webp,https://www.culturesherpa.org/explore/cultural_images/filipino_card.webp,True,
filipino_american,Filipino American,United States,probable-match,medium,False,/cultural_images/filipino_american_card.webp,/cultural_images/filipino_american_card.webp,,https://www.culturesherpa.org/explore/cultural_images/filipino_american_card.webp,True,Index path absent from git and 404 on live explore CDN; R2 gfv-media not inventoried
finnish,Finnish,Northern Europe,ready,high,True,/cultural_images/finnish_card.webp,/cultural_images/finnish_card.webp,website-astro/public/cultural_images/finnish_card.webp,https://www.culturesherpa.org/explore/cultural_images/finnish_card.webp,True,
french_southern_and_antarctic_lands,Fr S Antarctic Lands,Southern Indian Ocean and Antarctica,ready,high,True,/cultural_images/french_southern_and_antarctic_lands_card.webp,/cultural_images/french_southern_and_antarctic_lands_card.webp|/cultural_images/fr_s_antarctic_lands_card.webp,website-astro/public/cultural_images/french_southern_and_antarctic_lands_card.webp,https://www.culturesherpa.org/explore/cultural_images/french_southern_and_antarctic_lands_card.webp,True,
french,French,Western Europe,ready,high,True,/cultural_images/french_card.webp,/cultural_images/french_card.webp,website-astro/public/cultural_images/french_card.webp,https://www.culturesherpa.org/explore/cultural_images/french_card.webp,True,
french_algerian,French Algerian,Primarily in France and Algeria,probable-match,medium,False,/cultural_images/french_algerian_card.webp,/cultural_images/french_algerian_card.webp,,https://www.culturesherpa.org/explore/cultural_images/french_algerian_card.webp,True,Index path absent from git and 404 on live explore CDN; R2 gfv-media not inventoried
french_moroccan,French Moroccan,North Africa,probable-match,medium,False,/cultural_images/french_moroccan_card.webp,/cultural_images/french_moroccan_card.webp,,https://www.culturesherpa.org/explore/cultural_images/french_moroccan_card.webp,True,Index path absent from git and 404 on live explore CDN; R2 gfv-media not inventoried
french_tunisian,French Tunisian,France and Tunisia,probable-match,medium,False,/cultural_images/french_tunisian_card.webp,/cultural_images/french_tunisian_card.webp,,https://www.culturesherpa.org/explore/cultural_images/french_tunisian_card.webp,True,Index path absent from git and 404 on live explore CDN; R2 gfv-media not inventoried
french_west_african,French West African,West Africa,probable-match,medium,False,/cultural_images/french_west_african_card.webp,/cultural_images/french_west_african_card.webp,,https://www.culturesherpa.org/explore/cultural_images/french_west_african_card.webp,True,Index path absent from git and 404 on live explore CDN; R2 gfv-media not inventoried
friulian,Friulian,"Friuli, northeastern Italy",probable-match,medium,False,/cultural_images/friulian_card.webp,/cultural_images/friulian_card.webp,,https://www.culturesherpa.org/explore/cultural_images/friulian_card.webp,True,Index path absent from git and 404 on live explore CDN; R2 gfv-media not inventoried
gabonese,Gabonese,Central Africa,ready,high,True,/cultural_images/gabonese_card.webp,/cultural_images/gabonese_card.webp,website-astro/public/cultural_images/gabonese_card.webp,https://www.culturesherpa.org/explore/cultural_images/gabonese_card.webp,True,
gagauz,Gagauz,"Gagauzia, Moldova",probable-match,medium,False,/cultural_images/gagauz_card.webp,/cultural_images/gagauz_card.webp,,https://www.culturesherpa.org/explore/cultural_images/gagauz_card.webp,True,Index path absent from git and 404 on live explore CDN; R2 gfv-media not inventoried
gambian,Gambian,West Africa,ready,high,True,/cultural_images/gambian_card.webp,/cultural_images/gambian_card.webp,website-astro/public/cultural_images/gambian_card.webp,https://www.culturesherpa.org/explore/cultural_images/gambian_card.webp,True,
gbaya,Gbaya,Central Africa,ready,high,True,/cultural_images/gbaya_card.webp,/cultural_images/gbaya_card.webp,website-astro/public/cultural_images/gbaya_card.webp,https://www.culturesherpa.org/explore/cultural_images/gbaya_card.webp,True,
gedeo,Gedeo,East Africa,ready,high,True,/cultural_images/gedeo_card.webp,/cultural_images/gedeo_card.webp,website-astro/public/cultural_images/gedeo_card.webp,https://www.culturesherpa.org/explore/cultural_images/gedeo_card.webp,True,
gelao,Gelao,Southwestern China,ready,high,True,/cultural_images/gelao_card.webp,/cultural_images/gelao_card.webp,website-astro/public/cultural_images/gelao_card.webp,https://www.culturesherpa.org/explore/cultural_images/gelao_card.webp,True,
georgian,Georgian,Middle East,ready,high,True,/cultural_images/georgian_card.webp,/cultural_images/georgian_card.webp,website-astro/public/cultural_images/georgian_card.webp,https://www.culturesherpa.org/explore/cultural_images/georgian_card.webp,True,
german,German,Central Europe,ready,high,True,/cultural_images/german_card.webp,/cultural_images/german_card.webp,website-astro/public/cultural_images/german_card.webp,https://www.culturesherpa.org/explore/cultural_images/german_card.webp,True,
german_speaking_swiss,German Speaking Swiss,Europe,probable-match,medium,False,/cultural_images/german_speaking_swiss_card.webp,/cultural_images/german_speaking_swiss_card.webp,,https://www.culturesherpa.org/explore/cultural_images/german_speaking_swiss_card.webp,True,Index path absent from git and 404 on live explore CDN; R2 gfv-media not inventoried
ghanaian,Ghanaian,West Africa,ready,high,True,/cultural_images/ghanaian_card.webp,/cultural_images/ghanaian_card.webp,website-astro/public/cultural_images/ghanaian_card.webp,https://www.culturesherpa.org/explore/cultural_images/ghanaian_card.webp,True,
ghanaian_diaspora,Ghanaian Diaspora,Global,probable-match,medium,False,/cultural_images/ghanaian_diaspora_card.webp,/cultural_images/ghanaian_diaspora_card.webp,,https://www.culturesherpa.org/explore/cultural_images/ghanaian_diaspora_card.webp,True,Index path absent from git and 404 on live explore CDN; R2 gfv-media not inventoried
ghomaras,Ghomaras,"Rif region, northern Morocco",ready,high,True,/cultural_images/ghomaras_card.webp,/cultural_images/ghomaras_card.webp,website-astro/public/cultural_images/ghomaras_card.webp,https://www.culturesherpa.org/explore/cultural_images/ghomaras_card.webp,True,
ghorbati,Ghorbati,South Asia,ready,high,True,/cultural_images/ghorbati_card.webp,/cultural_images/ghorbati_card.webp,website-astro/public/cultural_images/ghorbati_card.webp,https://www.culturesherpa.org/explore/cultural_images/ghorbati_card.webp,True,
gondi,Gondi,Central India,probable-match,medium,False,/cultural_images/gondi_card.webp,/cultural_images/gondi_card.webp,,https://www.culturesherpa.org/explore/cultural_images/gondi_card.webp,True,Index path absent from git and 404 on live explore CDN; R2 gfv-media not inventoried
greek,Greek,Southern Europe,ready,high,True,/cultural_images/greek_card.webp,/cultural_images/greek_card.webp,website-astro/public/cultural_images/greek_card.webp,https://www.culturesherpa.org/explore/cultural_images/greek_card.webp,True,
greek_american,Greek American,United States,probable-match,medium,False,/cultural_images/greek_american_card.webp,/cultural_images/greek_american_card.webp,,https://www.culturesherpa.org/explore/cultural_images/greek_american_card.webp,True,Index path absent from git and 404 on live explore CDN; R2 gfv-media not inventoried
greenlandic,Greenlandic,Greenland,ready,high,True,/cultural_images/greenlandic_card.webp,/cultural_images/greenlandic_card.webp,website-astro/public/cultural_images/greenlandic_card.webp,https://www.culturesherpa.org/explore/cultural_images/greenlandic_card.webp,True,
guarani,Guarani,South America,probable-match,medium,False,/cultural_images/guarani_card.webp,/cultural_images/guarani_card.webp,,https://www.culturesherpa.org/explore/cultural_images/guarani_card.webp,True,Index path absent from git and 404 on live explore CDN; R2 gfv-media not inventoried
guatemala,Guatemala,Central America,ready,high,True,/cultural_images/guatemala_card.webp,/cultural_images/guatemala_card.webp,website-astro/public/cultural_images/guatemala_card.webp,https://www.culturesherpa.org/explore/cultural_images/guatemala_card.webp,True,
guatemalan_american,Guatemalan American,United States,probable-match,medium,False,/cultural_images/guatemalan_american_card.webp,/cultural_images/guatemalan_american_card.webp,,https://www.culturesherpa.org/explore/cultural_images/guatemalan_american_card.webp,True,Index path absent from git and 404 on live explore CDN; R2 gfv-media not inventoried
guinea_bissauan,Guinea Bissauan,West Africa,ready,high,True,/cultural_images/guinea_bissauan_card.webp,/cultural_images/guinea_bissauan_card.webp,website-astro/public/cultural_images/guinea_bissauan_card.webp,https://www.culturesherpa.org/explore/cultural_images/guinea_bissauan_card.webp,True,
guinean,Guinean,West Africa,ready,high,True,/cultural_images/guinean_card.webp,/cultural_images/guinean_card.webp,website-astro/public/cultural_images/guinean_card.webp,https://www.culturesherpa.org/explore/cultural_images/guinean_card.webp,True,
gujarati,Gujarati,"Gujarat, India",ready,high,True,/cultural_images/gujarati_card.webp,/cultural_images/gujarati_card.webp,website-astro/public/cultural_images/gujarati_card.webp,https://www.culturesherpa.org/explore/cultural_images/gujarati_card.webp,True,
gullah_geechee,Gullah Geechee,Central Africa,probable-match,medium,False,/cultural_images/gullah_geechee_card.webp,/cultural_images/gullah_geechee_card.webp,,https://www.culturesherpa.org/explore/cultural_images/gullah_geechee_card.webp,True,Index path absent from git and 404 on live explore CDN; R2 gfv-media not inventoried
gumuz,Gumuz,"Benishangul-Gumuz, Ethiopia",ready,high,True,/cultural_images/gumuz_card.webp,/cultural_images/gumuz_card.webp,website-astro/public/cultural_images/gumuz_card.webp,https://www.culturesherpa.org/explore/cultural_images/gumuz_card.webp,True,
guna,Guna,Central America,ready,high,True,/cultural_images/guna_card.webp,/cultural_images/guna_card.webp,website-astro/public/cultural_images/guna_card.webp,https://www.culturesherpa.org/explore/cultural_images/guna_card.webp,True,
gurage,Gurage,Southern Ethiopia,ready,high,True,/cultural_images/gurage_card.webp,/cultural_images/gurage_card.webp,website-astro/public/cultural_images/gurage_card.webp,https://www.culturesherpa.org/explore/cultural_images/gurage_card.webp,True,
gurungs,Gurungs,"Himalayas, Nepal, India",ready,high,True,/cultural_images/gurungs_card.webp,/cultural_images/gurungs_card.webp,website-astro/public/cultural_images/gurungs_card.webp,https://www.culturesherpa.org/explore/cultural_images/gurungs_card.webp,True,
gurunsi,Gurunsi,West Africa,ready,high,True,/cultural_images/gurunsi_card.webp,/cultural_images/gurunsi_card.webp,website-astro/public/cultural_images/gurunsi_card.webp,https://www.culturesherpa.org/explore/cultural_images/gurunsi_card.webp,True,
guyana,Guyana,South America,ready,high,True,/cultural_images/guyana_card.webp,/cultural_images/guyana_card.webp,website-astro/public/cultural_images/guyana_card.webp,https://www.culturesherpa.org/explore/cultural_images/guyana_card.webp,True,
gwichin,Gwich'in,Europe,probable-match,medium,False,/cultural_images/gwichin_card.webp,/cultural_images/gwichin_card.webp,,https://www.culturesherpa.org/explore/cultural_images/gwichin_card.webp,True,Index path absent from git and 404 on live explore CDN; R2 gfv-media not inventoried
ha,Ha,"Kigoma Region, Tanzania",ready,high,True,/cultural_images/ha_card.webp,/cultural_images/ha_card.webp,website-astro/public/cultural_images/ha_card.webp,https://www.culturesherpa.org/explore/cultural_images/ha_card.webp,True,
haitian,Haitian,Caribbean,ready,high,True,/cultural_images/haitian_card.webp,/cultural_images/haitian_card.webp,website-astro/public/cultural_images/haitian_card.webp,https://www.culturesherpa.org/explore/cultural_images/haitian_card.webp,True,
haitian_american,Haitian American,North America,probable-match,medium,False,/cultural_images/haitian_american_card.webp,/cultural_images/haitian_american_card.webp,,https://www.culturesherpa.org/explore/cultural_images/haitian_american_card.webp,True,Index path absent from git and 404 on live explore CDN; R2 gfv-media not inventoried
hangaza,Hangaza,"Kagera Region, Tanzania",ready,high,True,/cultural_images/hangaza_card.webp,/cultural_images/hangaza_card.webp,website-astro/public/cultural_images/hangaza_card.webp,https://www.culturesherpa.org/explore/cultural_images/hangaza_card.webp,True,
hani,Hani,"Yunnan Province, China",ready,high,True,/cultural_images/hani_card.webp,/cultural_images/hani_card.webp,website-astro/public/cultural_images/hani_card.webp,https://www.culturesherpa.org/explore/cultural_images/hani_card.webp,True,
harari,Harari,"Harar, Ethiopia",ready,high,True,/cultural_images/harari_card.webp,/cultural_images/harari_card.webp,website-astro/public/cultural_images/harari_card.webp,https://www.culturesherpa.org/explore/cultural_images/harari_card.webp,True,
haratins,Haratins,West Africa,ready,high,True,/cultural_images/haratins_card.webp,/cultural_images/haratins_card.webp,website-astro/public/cultural_images/haratins_card.webp,https://www.culturesherpa.org/explore/cultural_images/haratins_card.webp,True,
hausa,Hausa,West Africa,ready,high,True,/cultural_images/hausa_card.webp,/cultural_images/hausa_card.webp,website-astro/public/cultural_images/hausa_card.webp,https://www.culturesherpa.org/explore/cultural_images/hausa_card.webp,True,
hawaiian,Hawaiian,Pacific Islands,ready,high,True,/cultural_images/hawaiian_card.webp,/cultural_images/hawaiian_card.webp,website-astro/public/cultural_images/hawaiian_card.webp,https://www.culturesherpa.org/explore/cultural_images/hawaiian_card.webp,True,
hehe,Hehe,"Iringa Region, Tanzania",ready,high,True,/cultural_images/hehe_card.webp,/cultural_images/hehe_card.webp,website-astro/public/cultural_images/hehe_card.webp,https://www.culturesherpa.org/explore/cultural_images/hehe_card.webp,True,
heiltsuk,Heiltsuk,North America,ready,high,True,/cultural_images/heiltsuk_card.webp,/cultural_images/heiltsuk_card.webp,website-astro/public/cultural_images/heiltsuk_card.webp,https://www.culturesherpa.org/explore/cultural_images/heiltsuk_card.webp,True,
helong,Helong,"West Timor, Indonesia",ready,high,True,/cultural_images/helong_card.webp,/cultural_images/helong_card.webp,website-astro/public/cultural_images/helong_card.webp,https://www.culturesherpa.org/explore/cultural_images/helong_card.webp,True,
herero,Herero,"Namibia, Botswana, Angola",ready,high,True,/cultural_images/herero_card.webp,/cultural_images/herero_card.webp,website-astro/public/cultural_images/herero_card.webp,https://www.culturesherpa.org/explore/cultural_images/herero_card.webp,True,
highland_travellers,Highland Travellers,Scottish Highlands,ready,high,True,/cultural_images/highland_travellers_card.webp,/cultural_images/highland_travellers_card.webp,website-astro/public/cultural_images/highland_travellers_card.webp,https://www.culturesherpa.org/explore/cultural_images/highland_travellers_card.webp,True,
hindustani,Hindustani,"Northern India, parts of Pakistan",ready,high,True,/cultural_images/hindustani_card.webp,/cultural_images/hindustani_card.webp,website-astro/public/cultural_images/hindustani_card.webp,https://www.culturesherpa.org/explore/cultural_images/hindustani_card.webp,True,
hinukh,Hinukh,"Dagestan, Russia",ready,high,True,/cultural_images/hinukh_card.webp,/cultural_images/hinukh_card.webp,website-astro/public/cultural_images/hinukh_card.webp,https://www.culturesherpa.org/explore/cultural_images/hinukh_card.webp,True,
hmong,Hmong,Southeast Asia,ready,high,True,/cultural_images/hmong_card.webp,/cultural_images/hmong_card.webp,website-astro/public/cultural_images/hmong_card.webp,https://www.culturesherpa.org/explore/cultural_images/hmong_card.webp,True,
hmong_american,Hmong American,North America,probable-match,medium,False,/cultural_images/hmong_american_card.webp,/cultural_images/hmong_american_card.webp,,https://www.culturesherpa.org/explore/cultural_images/hmong_american_card.webp,True,Index path absent from git and 404 on live explore CDN; R2 gfv-media not inventoried
ho,Ho,"Jharkhand, Odisha, West Bengal in India",probable-match,medium,False,/cultural_images/ho_card.webp,/cultural_images/ho_card.webp,,https://www.culturesherpa.org/explore/cultural_images/ho_card.webp,True,Index path absent from git and 404 on live explore CDN; R2 gfv-media not inventoried
honduras,Honduras,Central America,ready,high,True,/cultural_images/honduras_card.webp,/cultural_images/honduras_card.webp,website-astro/public/cultural_images/honduras_card.webp,https://www.culturesherpa.org/explore/cultural_images/honduras_card.webp,True,
hungarian,Hungarian,Central Europe,ready,high,True,/cultural_images/hungarian_card.webp,/cultural_images/hungarian_card.webp,website-astro/public/cultural_images/hungarian_card.webp,https://www.culturesherpa.org/explore/cultural_images/hungarian_card.webp,True,
hupa,Hupa,"Northwestern California, USA",probable-match,medium,False,/cultural_images/hupa_card.webp,/cultural_images/hupa_card.webp,,https://www.culturesherpa.org/explore/cultural_images/hupa_card.webp,True,Index path absent from git and 404 on live explore CDN; R2 gfv-media not inventoried
iban,Iban,Southeast Asia,probable-match,medium,False,/cultural_images/iban_card.webp,/cultural_images/iban_card.webp,,https://www.culturesherpa.org/explore/cultural_images/iban_card.webp,True,Index path absent from git and 404 on live explore CDN; R2 gfv-media not inventoried
iceland,Iceland,Nordic,ready,high,True,/cultural_images/iceland_card.webp,/cultural_images/iceland_card.webp,website-astro/public/cultural_images/iceland_card.webp,https://www.culturesherpa.org/explore/cultural_images/iceland_card.webp,True,
ijaw,Ijaw,"Niger Delta, Nigeria",ready,high,True,/cultural_images/ijaw_card.webp,/cultural_images/ijaw_card.webp,website-astro/public/cultural_images/ijaw_card.webp,https://www.culturesherpa.org/explore/cultural_images/ijaw_card.webp,True,
ili_turks,Ili Turks,East Asia,ready,high,True,/cultural_images/ili_turks_card.webp,/cultural_images/ili_turks_card.webp,website-astro/public/cultural_images/ili_turks_card.webp,https://www.culturesherpa.org/explore/cultural_images/ili_turks_card.webp,True,
ilocano,Ilocano,"Ilocos Region, Philippines",ready,high,True,/cultural_images/ilocano_card.webp,/cultural_images/ilocano_card.webp,website-astro/public/cultural_images/ilocano_card.webp,https://www.culturesherpa.org/explore/cultural_images/ilocano_card.webp,True,
imraguen,Imraguen,Mauritania,ready,high,True,/cultural_images/imraguen_card.webp,/cultural_images/imraguen_card.webp,website-astro/public/cultural_images/imraguen_card.webp,https://www.culturesherpa.org/explore/cultural_images/imraguen_card.webp,True,
indian,Indian,South Asia,ready,high,True,/cultural_images/indian_card.webp,/cultural_images/indian_card.webp,website-astro/public/cultural_images/indian_card.webp,https://www.culturesherpa.org/explore/cultural_images/indian_card.webp,True,
indian_american,Indian American,United States,probable-match,medium,False,/cultural_images/indian_american_card.webp,/cultural_images/indian_american_card.webp,,https://www.culturesherpa.org/explore/cultural_images/indian_american_card.webp,True,Index path absent from git and 404 on live explore CDN; R2 gfv-media not inventoried
indo_caribbean,Indo Caribbean,Caribbean,probable-match,medium,False,/cultural_images/indo_caribbean_card.webp,/cultural_images/indo_caribbean_card.webp,,https://www.culturesherpa.org/explore/cultural_images/indo_caribbean_card.webp,True,Index path absent from git and 404 on live explore CDN; R2 gfv-media not inventoried
indonesian,Indonesian,Southeast Asia,ready,high,True,/cultural_images/indonesian_card.webp,/cultural_images/indonesian_card.webp,website-astro/public/cultural_images/indonesian_card.webp,https://www.culturesherpa.org/explore/cultural_images/indonesian_card.webp,True,
ingrian_finnish,Ingrian Finnish,"Ingria, near St. Petersburg, Russia",probable-match,medium,False,/cultural_images/ingrian_finnish_card.webp,/cultural_images/ingrian_finnish_card.webp,,https://www.culturesherpa.org/explore/cultural_images/ingrian_finnish_card.webp,True,Index path absent from git and 404 on live explore CDN; R2 gfv-media not inventoried
ingush,Ingush,"North Caucasus, Russia",probable-match,medium,False,/cultural_images/ingush_card.webp,/cultural_images/ingush_card.webp,,https://www.culturesherpa.org/explore/cultural_images/ingush_card.webp,True,Index path absent from git and 404 on live explore CDN; R2 gfv-media not inventoried
inuit,Inuit,North America,ready,high,True,/cultural_images/inuit_card.webp,/cultural_images/inuit_card.webp,website-astro/public/cultural_images/inuit_card.webp,https://www.culturesherpa.org/explore/cultural_images/inuit_card.webp,True,
iranian,Iranian,Middle East,ready,high,True,/cultural_images/iranian_card.webp,/cultural_images/iranian_card.webp,website-astro/public/cultural_images/iranian_card.webp,https://www.culturesherpa.org/explore/cultural_images/iranian_card.webp,True,
iranian_diaspora,Iranian Diaspora,Global,probable-match,medium,False,/cultural_images/iranian_diaspora_card.webp,/cultural_images/iranian_diaspora_card.webp,,https://www.culturesherpa.org/explore/cultural_images/iranian_diaspora_card.webp,True,Index path absent from git and 404 on live explore CDN; R2 gfv-media not inventoried
iranis,Iranis,South Asia,ready,high,True,/cultural_images/iranis_card.webp,/cultural_images/iranis_card.webp,website-astro/public/cultural_images/iranis_card.webp,https://www.culturesherpa.org/explore/cultural_images/iranis_card.webp,True,
iranun,Iranun,"Southern Philippines, Sabah (Malaysia)",ready,high,True,/cultural_images/iranun_card.webp,/cultural_images/iranun_card.webp,website-astro/public/cultural_images/iranun_card.webp,https://www.culturesherpa.org/explore/cultural_images/iranun_card.webp,True,
iraqi,Iraqi,Middle East,ready,high,True,/cultural_images/iraqi_card.webp,/cultural_images/iraqi_card.webp,website-astro/public/cultural_images/iraqi_card.webp,https://www.culturesherpa.org/explore/cultural_images/iraqi_card.webp,True,
iraqw,Iraqw,"Manyara Region, Tanzania",ready,high,True,/cultural_images/iraqw_card.webp,/cultural_images/iraqw_card.webp,website-astro/public/cultural_images/iraqw_card.webp,https://www.culturesherpa.org/explore/cultural_images/iraqw_card.webp,True,
irish,Irish,Ireland,ready,high,True,/cultural_images/irish_card.webp,/cultural_images/irish_card.webp,website-astro/public/cultural_images/irish_card.webp,https://www.culturesherpa.org/explore/cultural_images/irish_card.webp,True,
irish_american,Irish American,North America,probable-match,medium,False,/cultural_images/irish_american_card.webp,/cultural_images/irish_american_card.webp,,https://www.culturesherpa.org/explore/cultural_images/irish_american_card.webp,True,Index path absent from git and 404 on live explore CDN; R2 gfv-media not inventoried
irula,Irula,South Asia,probable-match,medium,False,/cultural_images/irula_card.webp,/cultural_images/irula_card.webp,,https://www.culturesherpa.org/explore/cultural_images/irula_card.webp,True,Index path absent from git and 404 on live explore CDN; R2 gfv-media not inventoried
israeli,Israeli,Middle East,ready,high,True,/cultural_images/israeli_card.webp,/cultural_images/israeli_card.webp,website-astro/public/cultural_images/israeli_card.webp,https://www.culturesherpa.org/explore/cultural_images/israeli_card.webp,True,
italian,Italian,Southern Europe,ready,high,True,/cultural_images/italian_card.webp,/cultural_images/italian_card.webp,website-astro/public/cultural_images/italian_card.webp,https://www.culturesherpa.org/explore/cultural_images/italian_card.webp,True,
italian_american,Italian American,North America,probable-match,medium,False,/cultural_images/italian_american_card.webp,/cultural_images/italian_american_card.webp,,https://www.culturesherpa.org/explore/cultural_images/italian_american_card.webp,True,Index path absent from git and 404 on live explore CDN; R2 gfv-media not inventoried
itawes,Itawes,"Cagayan Valley, Philippines",ready,high,True,/cultural_images/itawes_card.webp,/cultural_images/itawes_card.webp,website-astro/public/cultural_images/itawes_card.webp,https://www.culturesherpa.org/explore/cultural_images/itawes_card.webp,True,
itelmen,Itelmen,"Kamchatka Peninsula, Russia",probable-match,medium,False,/cultural_images/itelmen_card.webp,/cultural_images/itelmen_card.webp,,https://www.culturesherpa.org/explore/cultural_images/itelmen_card.webp,True,Index path absent from git and 404 on live explore CDN; R2 gfv-media not inventoried
itelmens,Itelmens,"Kamchatka Peninsula, Russia",ready,high,True,/cultural_images/itelmens_card.webp,/cultural_images/itelmens_card.webp,website-astro/public/cultural_images/itelmens_card.webp,https://www.culturesherpa.org/explore/cultural_images/itelmens_card.webp,True,
ivatans,Ivatans,"Batanes Islands, Philippines",ready,high,True,/cultural_images/ivatans_card.webp,/cultural_images/ivatans_card.webp,website-astro/public/cultural_images/ivatans_card.webp,https://www.culturesherpa.org/explore/cultural_images/ivatans_card.webp,True,
izhorians,Izhorians,"Ingria, northwestern Russia",ready,high,True,/cultural_images/izhorians_card.webp,/cultural_images/izhorians_card.webp,website-astro/public/cultural_images/izhorians_card.webp,https://www.culturesherpa.org/explore/cultural_images/izhorians_card.webp,True,
jadgals,Jadgals,South Asia,ready,high,True,/cultural_images/jadgals_card.webp,/cultural_images/jadgals_card.webp,website-astro/public/cultural_images/jadgals_card.webp,https://www.culturesherpa.org/explore/cultural_images/jadgals_card.webp,True,
jamaican,Jamaican,Caribbean,ready,high,True,/cultural_images/jamaican_card.webp,/cultural_images/jamaican_card.webp,website-astro/public/cultural_images/jamaican_card.webp,https://www.culturesherpa.org/explore/cultural_images/jamaican_card.webp,True,
japanese,Japanese,East Asia,ready,high,True,/cultural_images/japanese_card.webp,/cultural_images/japanese_card.webp,website-astro/public/cultural_images/japanese_card.webp,https://www.culturesherpa.org/explore/cultural_images/japanese_card.webp,True,
jewish_diaspora,Jewish Diaspora,Global,probable-match,medium,False,/cultural_images/jewish_diaspora_card.webp,/cultural_images/jewish_diaspora_card.webp,,https://www.culturesherpa.org/explore/cultural_images/jewish_diaspora_card.webp,True,Index path absent from git and 404 on live explore CDN; R2 gfv-media not inventoried
jingpo,Jingpo,"Northern Myanmar, Southwestern China",ready,high,True,/cultural_images/jingpo_card.webp,/cultural_images/jingpo_card.webp,website-astro/public/cultural_images/jingpo_card.webp,https://www.culturesherpa.org/explore/cultural_images/jingpo_card.webp,True,
jita,Jita,"Mara Region, Tanzania",ready,high,True,/cultural_images/jita_card.webp,/cultural_images/jita_card.webp,website-astro/public/cultural_images/jita_card.webp,https://www.culturesherpa.org/explore/cultural_images/jita_card.webp,True,
jola,Jola,West Africa,ready,high,True,/cultural_images/jola_card.webp,/cultural_images/jola_card.webp,website-astro/public/cultural_images/jola_card.webp,https://www.culturesherpa.org/explore/cultural_images/jola_card.webp,True,
jordanian,Jordanian,Middle East,ready,high,True,/cultural_images/jordanian_card.webp,/cultural_images/jordanian_card.webp,website-astro/public/cultural_images/jordanian_card.webp,https://www.culturesherpa.org/explore/cultural_images/jordanian_card.webp,True,
juang,Juang,"Odisha, India",probable-match,medium,False,/cultural_images/juang_card.webp,/cultural_images/juang_card.webp,,https://www.culturesherpa.org/explore/cultural_images/juang_card.webp,True,Index path absent from git and 404 on live explore CDN; R2 gfv-media not inventoried
jukun,Jukun,West Africa,ready,high,True,/cultural_images/jukun_card.webp,/cultural_images/jukun_card.webp,website-astro/public/cultural_images/jukun_card.webp,https://www.culturesherpa.org/explore/cultural_images/jukun_card.webp,True,
jur,Jur,South Sudan,ready,high,True,/cultural_images/jur_card.webp,/cultural_images/jur_card.webp,website-astro/public/cultural_images/jur_card.webp,https://www.culturesherpa.org/explore/cultural_images/jur_card.webp,True,
kablunangajuit,Kablunangajuit,Northern Arctic regions,ready,high,True,/cultural_images/kablunangajuit_card.webp,/cultural_images/kablunangajuit_card.webp,website-astro/public/cultural_images/kablunangajuit_card.webp,https://www.culturesherpa.org/explore/cultural_images/kablunangajuit_card.webp,True,
kabyle,Kabyle,"Kabylie, Algeria",ready,high,True,/cultural_images/kabyle_card.webp,/cultural_images/kabyle_card.webp,website-astro/public/cultural_images/kabyle_card.webp,https://www.culturesherpa.org/explore/cultural_images/kabyle_card.webp,True,
kadazan,Kadazan,"Sabah, Malaysia",probable-match,medium,False,/cultural_images/kadazan_card.webp,/cultural_images/kadazan_card.webp,,https://www.culturesherpa.org/explore/cultural_images/kadazan_card.webp,True,Index path absent from git and 404 on live explore CDN; R2 gfv-media not inventoried
kadazan_dusun,Kadazandusun,"Sabah, Malaysia",ambiguous,low,False,/cultural_images/kadazan_dusun_card.webp,/cultural_images/kadazan_dusun_card.webp|/cultural_images/kadazandusun_card.webp,,https://www.culturesherpa.org/explore/cultural_images/kadazan_dusun_card.webp,True,Both alias filenames 404 on git and live explore CDN; R2 not checked
kafwe_twa,Kafwe Twa,Central Africa,ready,high,True,/cultural_images/kafwe_twa_card.webp,/cultural_images/kafwe_twa_card.webp,website-astro/public/cultural_images/kafwe_twa_card.webp,https://www.culturesherpa.org/explore/cultural_images/kafwe_twa_card.webp,True,
kaguru,Kaguru,"Morogoro Region, Tanzania",ready,high,True,/cultural_images/kaguru_card.webp,/cultural_images/kaguru_card.webp,website-astro/public/cultural_images/kaguru_card.webp,https://www.culturesherpa.org/explore/cultural_images/kaguru_card.webp,True,
kalash,Kalash,South Asia,probable-match,medium,False,/cultural_images/kalash_card.webp,/cultural_images/kalash_card.webp,,https://www.culturesherpa.org/explore/cultural_images/kalash_card.webp,True,Index path absent from git and 404 on live explore CDN; R2 gfv-media not inventoried
kalmyks,Kalmyks,"Republic of Kalmykia, Russia",ready,high,True,/cultural_images/kalmyks_card.webp,/cultural_images/kalmyks_card.webp,website-astro/public/cultural_images/kalmyks_card.webp,https://www.culturesherpa.org/explore/cultural_images/kalmyks_card.webp,True,
kaluli,Kaluli,West Africa,ready,high,True,/cultural_images/kaluli_card.webp,/cultural_images/kaluli_card.webp,website-astro/public/cultural_images/kaluli_card.webp,https://www.culturesherpa.org/explore/cultural_images/kaluli_card.webp,True,
kamba,Kamba,Eastern Kenya,ready,high,True,/cultural_images/kamba_card.webp,/cultural_images/kamba_card.webp,website-astro/public/cultural_images/kamba_card.webp,https://www.culturesherpa.org/explore/cultural_images/kamba_card.webp,True,
kamentsa,Kamentsa,"Sibundoy Valley, Putumayo, Colombia",ready,high,True,/cultural_images/kamentsa_card.webp,/cultural_images/kamentsa_card.webp,website-astro/public/cultural_images/kamentsa_card.webp,https://www.culturesherpa.org/explore/cultural_images/kamentsa_card.webp,True,
kamoro,Kamoro,"Southern coast of Papua, Indonesia",probable-match,medium,False,/cultural_images/kamoro_card.webp,/cultural_images/kamoro_card.webp,,https://www.culturesherpa.org/explore/cultural_images/kamoro_card.webp,True,Index path absent from git and 404 on live explore CDN; R2 gfv-media not inventoried
kanaks,Kanaks,"New Caledonia, South Pacific",ready,high,True,/cultural_images/kanaks_card.webp,/cultural_images/kanaks_card.webp,website-astro/public/cultural_images/kanaks_card.webp,https://www.culturesherpa.org/explore/cultural_images/kanaks_card.webp,True,
karelian,Karelian,Europe,probable-match,medium,False,/cultural_images/karelian_card.webp,/cultural_images/karelian_card.webp,,https://www.culturesherpa.org/explore/cultural_images/karelian_card.webp,True,Index path absent from git and 404 on live explore CDN; R2 gfv-media not inventoried
kawesqar,Kawésqar,South America,probable-match,medium,False,/cultural_images/kawésqar_card.webp,/cultural_images/kawésqar_card.webp,,https://www.culturesherpa.org/explore/cultural_images/kawésqar_card.webp,True,Index path absent from git and 404 on live explore CDN; R2 gfv-media not inventoried
kazakhstan,Kazakhstan,Central Asia,ready,high,True,/cultural_images/kazakhstan_card.webp,/cultural_images/kazakhstan_card.webp,website-astro/public/cultural_images/kazakhstan_card.webp,https://www.culturesherpa.org/explore/cultural_images/kazakhstan_card.webp,True,
kenyan,Kenyan,East Africa,ready,high,True,/cultural_images/kenyan_card.webp,/cultural_images/kenyan_card.webp,website-astro/public/cultural_images/kenyan_card.webp,https://www.culturesherpa.org/explore/cultural_images/kenyan_card.webp,True,
khakas,Khakas,"Republic of Khakassia, Russia",ready,high,True,/cultural_images/khakas_card.webp,/cultural_images/khakas_card.webp,website-astro/public/cultural_images/khakas_card.webp,https://www.culturesherpa.org/explore/cultural_images/khakas_card.webp,True,
khalaj,Khalaj,Iran,ready,high,True,/cultural_images/khalaj_card.webp,/cultural_images/khalaj_card.webp,website-astro/public/cultural_images/khalaj_card.webp,https://www.culturesherpa.org/explore/cultural_images/khalaj_card.webp,True,
khanty,Khanty,"Khanty-Mansi Autonomous Okrug, Russia",ready,high,True,/cultural_images/khanty_card.webp,/cultural_images/khanty_card.webp,website-astro/public/cultural_images/khanty_card.webp,https://www.culturesherpa.org/explore/cultural_images/khanty_card.webp,True,
kharia,Kharia,"Jharkhand, Odisha, Chhattisgarh, India",probable-match,medium,False,/cultural_images/kharia_card.webp,/cultural_images/kharia_card.webp,,https://www.culturesherpa.org/explore/cultural_images/kharia_card.webp,True,Index path absent from git and 404 on live explore CDN; R2 gfv-media not inventoried
khas,Khas,"Nepal, Northern India",ready,high,True,/cultural_images/khas_card.webp,/cultural_images/khas_card.webp,website-astro/public/cultural_images/khas_card.webp,https://www.culturesherpa.org/explore/cultural_images/khas_card.webp,True,
khiamngan,Khiamngan,"Northeast India, primarily Nagaland",probable-match,medium,False,/cultural_images/khiamngan_card.webp,/cultural_images/khiamngan_card.webp,,https://www.culturesherpa.org/explore/cultural_images/khiamngan_card.webp,True,Index path absent from git and 404 on live explore CDN; R2 gfv-media not inventoried
kirantis,Kirantis,Eastern Nepal,ready,high,True,/cultural_images/kirantis_card.webp,/cultural_images/kirantis_card.webp,website-astro/public/cultural_images/kirantis_card.webp,https://www.culturesherpa.org/explore/cultural_images/kirantis_card.webp,True,
kiribati,Kiribati,Pacific Islands,ready,high,True,/cultural_images/kiribati_card.webp,/cultural_images/kiribati_card.webp,website-astro/public/cultural_images/kiribati_card.webp,https://www.culturesherpa.org/explore/cultural_images/kiribati_card.webp,True,
kissi,Kissi,West Africa,ready,high,True,/cultural_images/kissi_card.webp,/cultural_images/kissi_card.webp,website-astro/public/cultural_images/kissi_card.webp,https://www.culturesherpa.org/explore/cultural_images/kissi_card.webp,True,
klallam,Klallam,North America,ready,high,True,/cultural_images/klallam_card.webp,/cultural_images/klallam_card.webp,website-astro/public/cultural_images/klallam_card.webp,https://www.culturesherpa.org/explore/cultural_images/klallam_card.webp,True,
koara,Koara,"Goldfields-Esperance, Western Australia",ready,high,True,/cultural_images/koara_card.webp,/cultural_images/koara_card.webp,website-astro/public/cultural_images/koara_card.webp,https://www.culturesherpa.org/explore/cultural_images/koara_card.webp,True,
koches,Koches,Southeast Asia,ready,high,True,/cultural_images/koches_card.webp,/cultural_images/koches_card.webp,website-astro/public/cultural_images/koches_card.webp,https://www.culturesherpa.org/explore/cultural_images/koches_card.webp,True,
kodava,Kodava,"Kodagu district, Karnataka, India",ready,high,True,/cultural_images/kodava_card.webp,/cultural_images/kodava_card.webp,website-astro/public/cultural_images/kodava_card.webp,https://www.culturesherpa.org/explore/cultural_images/kodava_card.webp,True,
kofyar,Kofyar,"Plateau State, Nigeria",ready,high,True,/cultural_images/kofyar_card.webp,/cultural_images/kofyar_card.webp,website-astro/public/cultural_images/kofyar_card.webp,https://www.culturesherpa.org/explore/cultural_images/kofyar_card.webp,True,
kokborok,Kokborok,"Northeast India, primarily Tripura",probable-match,medium,False,/cultural_images/kokborok_card.webp,/cultural_images/kokborok_card.webp,,https://www.culturesherpa.org/explore/cultural_images/kokborok_card.webp,True,Index path absent from git and 404 on live explore CDN; R2 gfv-media not inventoried
konkani,Konkani,South Asia,ready,high,True,/cultural_images/konkani_card.webp,/cultural_images/konkani_card.webp,website-astro/public/cultural_images/konkani_card.webp,https://www.culturesherpa.org/explore/cultural_images/konkani_card.webp,True,
konso,Konso,Southern Ethiopia,ready,high,True,/cultural_images/konso_card.webp,/cultural_images/konso_card.webp,website-astro/public/cultural_images/konso_card.webp,https://www.culturesherpa.org/explore/cultural_images/konso_card.webp,True,
korean,Korean,East Asia,ready,high,True,/cultural_images/korean_card.webp,/cultural_images/korean_card.webp,website-astro/public/cultural_images/korean_card.webp,https://www.culturesherpa.org/explore/cultural_images/korean_card.webp,True,
korean_american,Korean American,United States,probable-match,medium,False,/cultural_images/korean_american_card.webp,/cultural_images/korean_american_card.webp,,https://www.culturesherpa.org/explore/cultural_images/korean_american_card.webp,True,Index path absent from git and 404 on live explore CDN; R2 gfv-media not inventoried
koryaks,Koryaks,"Kamchatka Krai, Russia",ready,high,True,/cultural_images/koryaks_card.webp,/cultural_images/koryaks_card.webp,website-astro/public/cultural_images/koryaks_card.webp,https://www.culturesherpa.org/explore/cultural_images/koryaks_card.webp,True,
kosraeans,Kosraeans,Micronesia,ready,high,True,/cultural_images/kosraeans_card.webp,/cultural_images/kosraeans_card.webp,website-astro/public/cultural_images/kosraeans_card.webp,https://www.culturesherpa.org/explore/cultural_images/kosraeans_card.webp,True,
kota,Kota,Central Africa,probable-match,medium,False,/cultural_images/kota_card.webp,/cultural_images/kota_card.webp,,https://www.culturesherpa.org/explore/cultural_images/kota_card.webp,True,Index path absent from git and 404 on live explore CDN; R2 gfv-media not inventoried
koyukon,Koyukon,Interior Alaska,ready,high,True,/cultural_images/koyukon_card.webp,/cultural_images/koyukon_card.webp,website-astro/public/cultural_images/koyukon_card.webp,https://www.culturesherpa.org/explore/cultural_images/koyukon_card.webp,True,
kpelle,Kpelle,West Africa,ready,high,True,/cultural_images/kpelle_card.webp,/cultural_images/kpelle_card.webp,website-astro/public/cultural_images/kpelle_card.webp,https://www.culturesherpa.org/explore/cultural_images/kpelle_card.webp,True,
kposo,Kposo,Togo,ready,high,True,/cultural_images/kposo_card.webp,/cultural_images/kposo_card.webp,website-astro/public/cultural_images/kposo_card.webp,https://www.culturesherpa.org/explore/cultural_images/kposo_card.webp,True,
kraho,Kraho,Brazil,ready,high,True,/cultural_images/kraho_card.webp,/cultural_images/kraho_card.webp,website-astro/public/cultural_images/kraho_card.webp,https://www.culturesherpa.org/explore/cultural_images/kraho_card.webp,True,
kurdish_diaspora,Kurdish Diaspora,Middle East,probable-match,medium,False,/cultural_images/kurdish_diaspora_card.webp,/cultural_images/kurdish_diaspora_card.webp,,https://www.culturesherpa.org/explore/cultural_images/kurdish_diaspora_card.webp,True,Index path absent from git and 404 on live explore CDN; R2 gfv-media not inventoried
kuria,Kuria,East Africa,ready,high,True,/cultural_images/kuria_card.webp,/cultural_images/kuria_card.webp,website-astro/public/cultural_images/kuria_card.webp,https://www.culturesherpa.org/explore/cultural_images/kuria_card.webp,True,
kurukh,Kurukh,South Asia,ready,high,True,/cultural_images/kurukh_card.webp,/cultural_images/kurukh_card.webp,website-astro/public/cultural_images/kurukh_card.webp,https://www.culturesherpa.org/explore/cultural_images/kurukh_card.webp,True,
kuteb,Kuteb,"Taraba State, Nigeria",ready,high,True,/cultural_images/kuteb_card.webp,/cultural_images/kuteb_card.webp,website-astro/public/cultural_images/kuteb_card.webp,https://www.culturesherpa.org/explore/cultural_images/kuteb_card.webp,True,
kuwait,Kuwait,Middle East,ready,high,True,/cultural_images/kuwait_card.webp,/cultural_images/kuwait_card.webp,website-astro/public/cultural_images/kuwait_card.webp,https://www.culturesherpa.org/explore/cultural_images/kuwait_card.webp,True,
kuwarranyji,Kuwarranyji,Northern Australia,ready,high,True,/cultural_images/kuwarranyji_card.webp,/cultural_images/kuwarranyji_card.webp,website-astro/public/cultural_images/kuwarranyji_card.webp,https://www.culturesherpa.org/explore/cultural_images/kuwarranyji_card.webp,True,
kvens,Kvens,Europe,ready,high,True,/cultural_images/kvens_card.webp,/cultural_images/kvens_card.webp,website-astro/public/cultural_images/kvens_card.webp,https://www.culturesherpa.org/explore/cultural_images/kvens_card.webp,True,
kwakwakawakw,Kwakwaka'wakw,North America,probable-match,medium,False,/cultural_images/kwakwakawakw_card.webp,/cultural_images/kwakwakawakw_card.webp,,https://www.culturesherpa.org/explore/cultural_images/kwakwakawakw_card.webp,True,Index path absent from git and 404 on live explore CDN; R2 gfv-media not inventoried
kwaya,Kwaya,Central Africa,ready,high,True,/cultural_images/kwaya_card.webp,/cultural_images/kwaya_card.webp,website-astro/public/cultural_images/kwaya_card.webp,https://www.culturesherpa.org/explore/cultural_images/kwaya_card.webp,True,
kwere,Kwere,Coastal Tanzania,ready,high,True,/cultural_images/kwere_card.webp,/cultural_images/kwere_card.webp,website-astro/public/cultural_images/kwere_card.webp,https://www.culturesherpa.org/explore/cultural_images/kwere_card.webp,True,
kwinti,Kwinti,South America,ready,high,True,/cultural_images/kwinti_card.webp,/cultural_images/kwinti_card.webp,website-astro/public/cultural_images/kwinti_card.webp,https://www.culturesherpa.org/explore/cultural_images/kwinti_card.webp,True,
kyrgyz,Kyrgyz,Central Asia,ready,high,True,/cultural_images/kyrgyz_card.webp,/cultural_images/kyrgyz_card.webp,website-astro/public/cultural_images/kyrgyz_card.webp,https://www.culturesherpa.org/explore/cultural_images/kyrgyz_card.webp,True,
lao_american,Lao American,United States,probable-match,medium,False,/cultural_images/lao_american_card.webp,/cultural_images/lao_american_card.webp,,https://www.culturesherpa.org/explore/cultural_images/lao_american_card.webp,True,Index path absent from git and 404 on live explore CDN; R2 gfv-media not inventoried
laotian,Laotian,Southeast Asia,ready,high,True,/cultural_images/laotian_card.webp,/cultural_images/laotian_card.webp,website-astro/public/cultural_images/laotian_card.webp,https://www.culturesherpa.org/explore/cultural_images/laotian_card.webp,True,
larrakia,Larrakia,"Northern Territory, Australia",ready,high,True,/cultural_images/larrakia_card.webp,/cultural_images/larrakia_card.webp,website-astro/public/cultural_images/larrakia_card.webp,https://www.culturesherpa.org/explore/cultural_images/larrakia_card.webp,True,
latvians,Latvians,"Baltic region, Northern Europe",ready,high,True,/cultural_images/latvians_card.webp,/cultural_images/latvians_card.webp,website-astro/public/cultural_images/latvians_card.webp,https://www.culturesherpa.org/explore/cultural_images/latvians_card.webp,True,
laz,Laz,Middle East,ready,high,True,/cultural_images/laz_card.webp,/cultural_images/laz_card.webp,website-astro/public/cultural_images/laz_card.webp,https://www.culturesherpa.org/explore/cultural_images/laz_card.webp,True,
lebanese_diaspora,Lebanese Diaspora,Global,probable-match,medium,False,/cultural_images/lebanese_diaspora_card.webp,/cultural_images/lebanese_diaspora_card.webp,,https://www.culturesherpa.org/explore/cultural_images/lebanese_diaspora_card.webp,True,Index path absent from git and 404 on live explore CDN; R2 gfv-media not inventoried
lega,Lega,Central Africa,ready,high,True,/cultural_images/lega_card.webp,/cultural_images/lega_card.webp,website-astro/public/cultural_images/lega_card.webp,https://www.culturesherpa.org/explore/cultural_images/lega_card.webp,True,
lepcha,Lepcha,South Asia,probable-match,medium,False,/cultural_images/lepcha_card.webp,/cultural_images/lepcha_card.webp,,https://www.culturesherpa.org/explore/cultural_images/lepcha_card.webp,True,Index path absent from git and 404 on live explore CDN; R2 gfv-media not inventoried
lesotho,Lesotho,Southern Africa,ready,high,True,/cultural_images/lesotho_card.webp,/cultural_images/lesotho_card.webp,website-astro/public/cultural_images/lesotho_card.webp,https://www.culturesherpa.org/explore/cultural_images/lesotho_card.webp,True,
liberian,Liberian,West Africa,ready,high,True,/cultural_images/liberian_card.webp,/cultural_images/liberian_card.webp,website-astro/public/cultural_images/liberian_card.webp,https://www.culturesherpa.org/explore/cultural_images/liberian_card.webp,True,
libyan,Libyan,North Africa,ready,high,True,/cultural_images/libyan_card.webp,/cultural_images/libyan_card.webp,website-astro/public/cultural_images/libyan_card.webp,https://www.culturesherpa.org/explore/cultural_images/libyan_card.webp,True,
lithuanian,Lithuanian,"Baltic region, Northern Europe",ready,high,True,/cultural_images/lithuanian_card.webp,/cultural_images/lithuanian_card.webp,website-astro/public/cultural_images/lithuanian_card.webp,https://www.culturesherpa.org/explore/cultural_images/lithuanian_card.webp,True,
livonian,Livonian,"Latvia, primarily the Livonian Coast",probable-match,medium,False,/cultural_images/livonian_card.webp,/cultural_images/livonian_card.webp,,https://www.culturesherpa.org/explore/cultural_images/livonian_card.webp,True,Index path absent from git and 404 on live explore CDN; R2 gfv-media not inventoried
louisiana_creole,Louisiana Creole,"Louisiana, United States",probable-match,medium,False,/cultural_images/louisiana_creole_card.webp,/cultural_images/louisiana_creole_card.webp,,https://www.culturesherpa.org/explore/cultural_images/louisiana_creole_card.webp,True,Index path absent from git and 404 on live explore CDN; R2 gfv-media not inventoried
ludic,Ludic,Europe,probable-match,medium,False,/cultural_images/ludic_card.webp,/cultural_images/ludic_card.webp,,https://www.culturesherpa.org/explore/cultural_images/ludic_card.webp,True,Index path absent from git and 404 on live explore CDN; R2 gfv-media not inventoried
lurs,Lurs,Middle East,ready,high,True,/cultural_images/lurs_card.webp,/cultural_images/lurs_card.webp,website-astro/public/cultural_images/lurs_card.webp,https://www.culturesherpa.org/explore/cultural_images/lurs_card.webp,True,
luso_africans,Luso Africans,Sub-Saharan Africa,probable-match,medium,False,/cultural_images/luso_africans_card.webp,/cultural_images/luso_africans_card.webp,,https://www.culturesherpa.org/explore/cultural_images/luso_africans_card.webp,True,Index path absent from git and 404 on live explore CDN; R2 gfv-media not inventoried
luso_indians,Luso Indians,South Asia,probable-match,medium,False,/cultural_images/luso_indians_card.webp,/cultural_images/luso_indians_card.webp,,https://www.culturesherpa.org/explore/cultural_images/luso_indians_card.webp,True,Index path absent from git and 404 on live explore CDN; R2 gfv-media not inventoried
luxembourgers,Luxembourgers,Western Europe,ready,high,True,/cultural_images/luxembourgers_card.webp,/cultural_images/luxembourgers_card.webp,website-astro/public/cultural_images/luxembourgers_card.webp,https://www.culturesherpa.org/explore/cultural_images/luxembourgers_card.webp,True,
maasai,Maasai,East Africa,ready,high,True,/cultural_images/maasai_card.webp,/cultural_images/maasai_card.webp,website-astro/public/cultural_images/maasai_card.webp,https://www.culturesherpa.org/explore/cultural_images/maasai_card.webp,True,
madagascar,Madagascar,"Africa, Indian Ocean",ready,high,True,/cultural_images/madagascar_card.webp,/cultural_images/madagascar_card.webp,website-astro/public/cultural_images/madagascar_card.webp,https://www.culturesherpa.org/explore/cultural_images/madagascar_card.webp,True,
malawi,Malawi,Southeastern Africa,ready,high,True,/cultural_images/malawi_card.webp,/cultural_images/malawi_card.webp,website-astro/public/cultural_images/malawi_card.webp,https://www.culturesherpa.org/explore/cultural_images/malawi_card.webp,True,
malaysian,Malaysian,Southeast Asia,ready,high,True,/cultural_images/malaysian_card.webp,/cultural_images/malaysian_card.webp,website-astro/public/cultural_images/malaysian_card.webp,https://www.culturesherpa.org/explore/cultural_images/malaysian_card.webp,True,
malto,Malto,"Jharkhand, Bihar, West Bengal, India",probable-match,medium,False,/cultural_images/malto_card.webp,/cultural_images/malto_card.webp,,https://www.culturesherpa.org/explore/cultural_images/malto_card.webp,True,Index path absent from git and 404 on live explore CDN; R2 gfv-media not inventoried
mandaean,Mandaean,Middle East,probable-match,medium,False,/cultural_images/mandaean_card.webp,/cultural_images/mandaean_card.webp,,https://www.culturesherpa.org/explore/cultural_images/mandaean_card.webp,True,Index path absent from git and 404 on live explore CDN; R2 gfv-media not inventoried
mandan,Mandan,"Upper Missouri River, North Dakota, USA",probable-match,medium,False,/cultural_images/mandan_card.webp,/cultural_images/mandan_card.webp,,https://www.culturesherpa.org/explore/cultural_images/mandan_card.webp,True,Index path absent from git and 404 on live explore CDN; R2 gfv-media not inventoried
manx,Manx,Isle of Man,probable-match,medium,False,/cultural_images/manx_card.webp,/cultural_images/manx_card.webp,,https://www.culturesherpa.org/explore/cultural_images/manx_card.webp,True,Index path absent from git and 404 on live explore CDN; R2 gfv-media not inventoried
mapuche,Mapuche,South America,probable-match,medium,False,/cultural_images/mapuche_card.webp,/cultural_images/mapuche_card.webp,,https://www.culturesherpa.org/explore/cultural_images/mapuche_card.webp,True,Index path absent from git and 404 on live explore CDN; R2 gfv-media not inventoried
marshallese,Marshallese,"Micronesia, Pacific Islands",ready,high,True,/cultural_images/marshallese_card.webp,/cultural_images/marshallese_card.webp,website-astro/public/cultural_images/marshallese_card.webp,https://www.culturesherpa.org/explore/cultural_images/marshallese_card.webp,True,
mauritanian,Mauritanian,Northwest Africa,ready,high,True,/cultural_images/mauritanian_card.webp,/cultural_images/mauritanian_card.webp,website-astro/public/cultural_images/mauritanian_card.webp,https://www.culturesherpa.org/explore/cultural_images/mauritanian_card.webp,True,
mentawai,Mentawai,Southeast Asia,probable-match,medium,False,/cultural_images/mentawai_card.webp,/cultural_images/mentawai_card.webp,,https://www.culturesherpa.org/explore/cultural_images/mentawai_card.webp,True,Index path absent from git and 404 on live explore CDN; R2 gfv-media not inventoried
mexican,Mexican,"North America, Central America",ready,high,True,/cultural_images/mexican_card.webp,/cultural_images/mexican_card.webp,website-astro/public/cultural_images/mexican_card.webp,https://www.culturesherpa.org/explore/cultural_images/mexican_card.webp,True,
mexican_american,Mexican American,North America,ready,high,True,/cultural_images/mexican_american_card.webp,/cultural_images/mexican_american_card.webp,website-astro/public/cultural_images/mexican_american_card.webp,https://www.culturesherpa.org/explore/cultural_images/mexican_american_card.webp,True,
meankieli,Meänkieli,"Tornio Valley, Northern Sweden",probable-match,medium,False,/cultural_images/meänkieli_card.webp,/cultural_images/meänkieli_card.webp,,https://www.culturesherpa.org/explore/cultural_images/meänkieli_card.webp,True,Index path absent from git and 404 on live explore CDN; R2 gfv-media not inventoried
miami_illinois,Miami Illinois,"Great Lakes region, USA",probable-match,medium,False,/cultural_images/miami_illinois_card.webp,/cultural_images/miami_illinois_card.webp,,https://www.culturesherpa.org/explore/cultural_images/miami_illinois_card.webp,True,Index path absent from git and 404 on live explore CDN; R2 gfv-media not inventoried
mishing,Mishing,"Northeast India, primarily Assam",probable-match,medium,False,/cultural_images/mishing_card.webp,/cultural_images/mishing_card.webp,,https://www.culturesherpa.org/explore/cultural_images/mishing_card.webp,True,Index path absent from git and 404 on live explore CDN; R2 gfv-media not inventoried
mohegan,Mohegan,North America,probable-match,medium,False,/cultural_images/mohegan_card.webp,/cultural_images/mohegan_card.webp,,https://www.culturesherpa.org/explore/cultural_images/mohegan_card.webp,True,Index path absent from git and 404 on live explore CDN; R2 gfv-media not inventoried
moldova,Moldova,Eastern Europe,ready,high,True,/cultural_images/moldova_card.webp,/cultural_images/moldova_card.webp,website-astro/public/cultural_images/moldova_card.webp,https://www.culturesherpa.org/explore/cultural_images/moldova_card.webp,True,
mongolian,Mongolian,East Asia,ready,high,True,/cultural_images/mongolian_card.webp,/cultural_images/mongolian_card.webp,website-astro/public/cultural_images/mongolian_card.webp,https://www.culturesherpa.org/explore/cultural_images/mongolian_card.webp,True,
montenegrin,Montenegrin,"Southeastern Europe, Balkans",ready,high,True,/cultural_images/montenegrin_card.webp,/cultural_images/montenegrin_card.webp,website-astro/public/cultural_images/montenegrin_card.webp,https://www.culturesherpa.org/explore/cultural_images/montenegrin_card.webp,True,
moroccan,Moroccan,North Africa,ready,high,True,/cultural_images/moroccan_card.webp,/cultural_images/moroccan_card.webp,website-astro/public/cultural_images/moroccan_card.webp,https://www.culturesherpa.org/explore/cultural_images/moroccan_card.webp,True,
motu,Motu,West Africa,ready,high,True,/cultural_images/motu_card.webp,/cultural_images/motu_card.webp,website-astro/public/cultural_images/motu_card.webp,https://www.culturesherpa.org/explore/cultural_images/motu_card.webp,True,
mozambique,Mozambique,Southeastern Africa,ready,high,True,/cultural_images/mozambique_card.webp,/cultural_images/mozambique_card.webp,website-astro/public/cultural_images/mozambique_card.webp,https://www.culturesherpa.org/explore/cultural_images/mozambique_card.webp,True,
mudburra,Mudburra,"Northern Territory, Australia",ready,high,True,/cultural_images/mudburra_card.webp,/cultural_images/mudburra_card.webp,website-astro/public/cultural_images/mudburra_card.webp,https://www.culturesherpa.org/explore/cultural_images/mudburra_card.webp,True,
mughals,Mughals,South Asia,ready,high,True,/cultural_images/mughals_card.webp,/cultural_images/mughals_card.webp,website-astro/public/cultural_images/mughals_card.webp,https://www.culturesherpa.org/explore/cultural_images/mughals_card.webp,True,
muhajir,Muhajir,South Asia,ready,high,True,/cultural_images/muhajir_card.webp,/cultural_images/muhajir_card.webp,website-astro/public/cultural_images/muhajir_card.webp,https://www.culturesherpa.org/explore/cultural_images/muhajir_card.webp,True,
muiscas,Muiscas,"Altiplano Cundiboyacense, Colombia",ready,high,True,/cultural_images/muiscas_card.webp,/cultural_images/muiscas_card.webp,website-astro/public/cultural_images/muiscas_card.webp,https://www.culturesherpa.org/explore/cultural_images/muiscas_card.webp,True,
mumuye,Mumuye,West Africa,ready,high,True,/cultural_images/mumuye_card.webp,/cultural_images/mumuye_card.webp,website-astro/public/cultural_images/mumuye_card.webp,https://www.culturesherpa.org/explore/cultural_images/mumuye_card.webp,True,
mundari,Mundari,South Sudan,genuinely-missing,high,False,,,,,True,Profile json/svg exists; no card image
murut,Murut,Southeast Asia,probable-match,medium,False,/cultural_images/murut_card.webp,/cultural_images/murut_card.webp,,https://www.culturesherpa.org/explore/cultural_images/murut_card.webp,True,Index path absent from git and 404 on live explore CDN; R2 gfv-media not inventoried
maori,Māori,New Zealand (Aotearoa),probable-match,medium,False,/cultural_images/mori_card.webp,/cultural_images/mori_card.webp,,https://www.culturesherpa.org/explore/cultural_images/mori_card.webp,True,Canonical slug missing from images_index; alias file 404 live; Index path absent from git and 404 on live explore CDN; R2 gfv-media not inventoried
nagamese_creole,Nagamese Creole,"Northeast India, primarily Nagaland",probable-match,medium,False,/cultural_images/nagamese_creole_card.webp,/cultural_images/nagamese_creole_card.webp,,https://www.culturesherpa.org/explore/cultural_images/nagamese_creole_card.webp,True,Index path absent from git and 404 on live explore CDN; R2 gfv-media not inventoried
namibian,Namibian,Southern Africa,ready,high,True,/cultural_images/namibian_card.webp,/cultural_images/namibian_card.webp,website-astro/public/cultural_images/namibian_card.webp,https://www.culturesherpa.org/explore/cultural_images/namibian_card.webp,True,
native_hawaiian_diaspora,Native Hawaiian Diaspora,North America,probable-match,medium,False,/cultural_images/native_hawaiian_diaspora_card.webp,/cultural_images/native_hawaiian_diaspora_card.webp,,https://www.culturesherpa.org/explore/cultural_images/native_hawaiian_diaspora_card.webp,True,Index path absent from git and 404 on live explore CDN; R2 gfv-media not inventoried
nepalese,Nepalese,South Asia,ready,high,True,/cultural_images/nepalese_card.webp,/cultural_images/nepalese_card.webp,website-astro/public/cultural_images/nepalese_card.webp,https://www.culturesherpa.org/explore/cultural_images/nepalese_card.webp,True,
new_caledonian,New Caledonian,"South Pacific, Melanesia",ready,high,True,/cultural_images/new_caledonian_card.webp,/cultural_images/new_caledonian_card.webp,website-astro/public/cultural_images/new_caledonian_card.webp,https://www.culturesherpa.org/explore/cultural_images/new_caledonian_card.webp,True,
new_zealand,New Zealand,Oceania,ready,high,True,/cultural_images/new_zealand_card.webp,/cultural_images/new_zealand_card.webp,website-astro/public/cultural_images/new_zealand_card.webp,https://www.culturesherpa.org/explore/cultural_images/new_zealand_card.webp,True,
nganasan,Nganasan,"Taymyr Peninsula, Siberia, Russia",probable-match,medium,False,/cultural_images/nganasan_card.webp,/cultural_images/nganasan_card.webp,,https://www.culturesherpa.org/explore/cultural_images/nganasan_card.webp,True,Index path absent from git and 404 on live explore CDN; R2 gfv-media not inventoried
ni_vanuatu,Ni Vanuatu,"Vanuatu, South Pacific",ready,high,True,/cultural_images/ni_vanuatu_card.webp,/cultural_images/ni_vanuatu_card.webp,website-astro/public/cultural_images/ni_vanuatu_card.webp,https://www.culturesherpa.org/explore/cultural_images/ni_vanuatu_card.webp,True,
nias,Nias,"Nias Island, Indonesia",probable-match,medium,False,/cultural_images/nias_card.webp,/cultural_images/nias_card.webp,,https://www.culturesherpa.org/explore/cultural_images/nias_card.webp,True,Index path absent from git and 404 on live explore CDN; R2 gfv-media not inventoried
nicaragua,Nicaragua,Central America,ready,high,True,/cultural_images/nicaragua_card.webp,/cultural_images/nicaragua_card.webp,website-astro/public/cultural_images/nicaragua_card.webp,https://www.culturesherpa.org/explore/cultural_images/nicaragua_card.webp,True,
nigerian,Nigerian,West Africa,ready,high,True,/cultural_images/nigerian_card.webp,/cultural_images/nigerian_card.webp,website-astro/public/cultural_images/nigerian_card.webp,https://www.culturesherpa.org/explore/cultural_images/nigerian_card.webp,True,
nigerian_diaspora,Nigerian Diaspora,West Africa,probable-match,medium,False,/cultural_images/nigerian_diaspora_card.webp,/cultural_images/nigerian_diaspora_card.webp,,https://www.culturesherpa.org/explore/cultural_images/nigerian_diaspora_card.webp,True,Index path absent from git and 404 on live explore CDN; R2 gfv-media not inventoried
nigerien,Nigerien,West Africa,ready,high,True,/cultural_images/nigerien_card.webp,/cultural_images/nigerien_card.webp,website-astro/public/cultural_images/nigerien_card.webp,https://www.culturesherpa.org/explore/cultural_images/nigerien_card.webp,True,
north_korea,North Korea,East Asia,ready,high,True,/cultural_images/north_korea_card.webp,/cultural_images/north_korea_card.webp,website-astro/public/cultural_images/north_korea_card.webp,https://www.culturesherpa.org/explore/cultural_images/north_korea_card.webp,True,
north_macedonian,North Macedonian,"Balkans, Southeast Europe",ready,high,True,/cultural_images/north_macedonian_card.webp,/cultural_images/north_macedonian_card.webp,website-astro/public/cultural_images/north_macedonian_card.webp,https://www.culturesherpa.org/explore/cultural_images/north_macedonian_card.webp,True,
nuristani,Nuristani,Northeastern Afghanistan,probable-match,medium,False,/cultural_images/nuristani_card.webp,/cultural_images/nuristani_card.webp,,https://www.culturesherpa.org/explore/cultural_images/nuristani_card.webp,True,Index path absent from git and 404 on live explore CDN; R2 gfv-media not inventoried
nuyorican,Nuyorican,"New York City, United States",probable-match,medium,False,/cultural_images/nuyorican_card.webp,/cultural_images/nuyorican_card.webp,,https://www.culturesherpa.org/explore/cultural_images/nuyorican_card.webp,True,Index path absent from git and 404 on live explore CDN; R2 gfv-media not inventoried
occitan,Occitan,Europe,probable-match,medium,False,/cultural_images/occitan_card.webp,/cultural_images/occitan_card.webp,,https://www.culturesherpa.org/explore/cultural_images/occitan_card.webp,True,Index path absent from git and 404 on live explore CDN; R2 gfv-media not inventoried
omani,Omani,"Middle East, Arabian Peninsula",ready,high,True,/cultural_images/omani_card.webp,/cultural_images/omani_card.webp,website-astro/public/cultural_images/omani_card.webp,https://www.culturesherpa.org/explore/cultural_images/omani_card.webp,True,
orang_asli,Orang Asli,Peninsular Malaysia,probable-match,medium,False,/cultural_images/orang_asli_card.webp,/cultural_images/orang_asli_card.webp,,https://www.culturesherpa.org/explore/cultural_images/orang_asli_card.webp,True,Index path absent from git and 404 on live explore CDN; R2 gfv-media not inventoried
oraon,Oraon,South Asia,probable-match,medium,False,/cultural_images/oraon_card.webp,/cultural_images/oraon_card.webp,,https://www.culturesherpa.org/explore/cultural_images/oraon_card.webp,True,Index path absent from git and 404 on live explore CDN; R2 gfv-media not inventoried
ormurs,Ormurs,South Asia,ready,high,True,/cultural_images/ormurs_card.webp,/cultural_images/ormurs_card.webp,website-astro/public/cultural_images/ormurs_card.webp,https://www.culturesherpa.org/explore/cultural_images/ormurs_card.webp,True,
orochs,Orochs,"Khabarovsk Krai, Russian Far East",ready,high,True,/cultural_images/orochs_card.webp,/cultural_images/orochs_card.webp,website-astro/public/cultural_images/orochs_card.webp,https://www.culturesherpa.org/explore/cultural_images/orochs_card.webp,True,
orok,Orok,"Sakhalin Island, Russia",probable-match,medium,False,/cultural_images/orok_card.webp,/cultural_images/orok_card.webp,,https://www.culturesherpa.org/explore/cultural_images/orok_card.webp,True,Index path absent from git and 404 on live explore CDN; R2 gfv-media not inventoried
oroks,Oroks,"Sakhalin Island, Russia",ready,high,True,/cultural_images/oroks_card.webp,/cultural_images/oroks_card.webp,website-astro/public/cultural_images/oroks_card.webp,https://www.culturesherpa.org/explore/cultural_images/oroks_card.webp,True,
oromo,Oromo,East Africa,ready,high,True,/cultural_images/oromo_card.webp,/cultural_images/oromo_card.webp,website-astro/public/cultural_images/oromo_card.webp,https://www.culturesherpa.org/explore/cultural_images/oromo_card.webp,True,
osage,Osage,North America,ready,high,True,/cultural_images/osage_card.webp,/cultural_images/osage_card.webp,website-astro/public/cultural_images/osage_card.webp,https://www.culturesherpa.org/explore/cultural_images/osage_card.webp,True,
ossetians,Ossetians,Europe,ready,high,True,/cultural_images/ossetians_card.webp,/cultural_images/ossetians_card.webp,website-astro/public/cultural_images/ossetians_card.webp,https://www.culturesherpa.org/explore/cultural_images/ossetians_card.webp,True,
pacific_islander_american,Pacific Islander American,"United States, Pacific Islands",probable-match,medium,False,/cultural_images/pacific_islander_american_card.webp,/cultural_images/pacific_islander_american_card.webp,,https://www.culturesherpa.org/explore/cultural_images/pacific_islander_american_card.webp,True,Index path absent from git and 404 on live explore CDN; R2 gfv-media not inventoried
pakistani,Pakistani,South Asia,ready,high,True,/cultural_images/pakistani_card.webp,/cultural_images/pakistani_card.webp,website-astro/public/cultural_images/pakistani_card.webp,https://www.culturesherpa.org/explore/cultural_images/pakistani_card.webp,True,
pakistani_diaspora,Pakistani Diaspora,Middle East,probable-match,medium,False,/cultural_images/pakistani_diaspora_card.webp,/cultural_images/pakistani_diaspora_card.webp,,https://www.culturesherpa.org/explore/cultural_images/pakistani_diaspora_card.webp,True,Index path absent from git and 404 on live explore CDN; R2 gfv-media not inventoried
palestine,Palestine,"Middle East, Levant",ready,high,True,/cultural_images/palestine_card.webp,/cultural_images/palestine_card.webp,website-astro/public/cultural_images/palestine_card.webp,https://www.culturesherpa.org/explore/cultural_images/palestine_card.webp,True,
panamanian,Panamanian,Central America,ready,high,True,/cultural_images/panamanian_card.webp,/cultural_images/panamanian_card.webp,website-astro/public/cultural_images/panamanian_card.webp,https://www.culturesherpa.org/explore/cultural_images/panamanian_card.webp,True,
papua_new_guinean,Papua New Guinean,"Oceania, Melanesia",ready,high,True,/cultural_images/papua_new_guinean_card.webp,/cultural_images/papua_new_guinean_card.webp,website-astro/public/cultural_images/papua_new_guinean_card.webp,https://www.culturesherpa.org/explore/cultural_images/papua_new_guinean_card.webp,True,
paraguayan,Paraguayan,"South America, specifically Paraguay",ready,high,True,/cultural_images/paraguayan_card.webp,/cultural_images/paraguayan_card.webp,website-astro/public/cultural_images/paraguayan_card.webp,https://www.culturesherpa.org/explore/cultural_images/paraguayan_card.webp,True,
peruvian,Peruvian,South America,ready,high,True,/cultural_images/peruvian_card.webp,/cultural_images/peruvian_card.webp,website-astro/public/cultural_images/peruvian_card.webp,https://www.culturesherpa.org/explore/cultural_images/peruvian_card.webp,True,
pite_sami,Pite Sami,Europe,probable-match,medium,False,/cultural_images/pite_sami_card.webp,/cultural_images/pite_sami_card.webp,,https://www.culturesherpa.org/explore/cultural_images/pite_sami_card.webp,True,Index path absent from git and 404 on live explore CDN; R2 gfv-media not inventoried
pochuri,Pochuri,"Northeast India, primarily Nagaland",probable-match,medium,False,/cultural_images/pochuri_card.webp,/cultural_images/pochuri_card.webp,,https://www.culturesherpa.org/explore/cultural_images/pochuri_card.webp,True,Index path absent from git and 404 on live explore CDN; R2 gfv-media not inventoried
polish,Polish,Central Europe,ready,high,True,/cultural_images/polish_card.webp,/cultural_images/polish_card.webp,website-astro/public/cultural_images/polish_card.webp,https://www.culturesherpa.org/explore/cultural_images/polish_card.webp,True,
polish_american,Polish American,North America,probable-match,medium,False,/cultural_images/polish_american_card.webp,/cultural_images/polish_american_card.webp,,https://www.culturesherpa.org/explore/cultural_images/polish_american_card.webp,True,Index path absent from git and 404 on live explore CDN; R2 gfv-media not inventoried
portuguese,Portuguese,Southern Europe,ready,high,True,/cultural_images/portuguese_card.webp,/cultural_images/portuguese_card.webp,website-astro/public/cultural_images/portuguese_card.webp,https://www.culturesherpa.org/explore/cultural_images/portuguese_card.webp,True,
portuguese_american,Portuguese American,North America,probable-match,medium,False,/cultural_images/portuguese_american_card.webp,/cultural_images/portuguese_american_card.webp,,https://www.culturesherpa.org/explore/cultural_images/portuguese_american_card.webp,True,Index path absent from git and 404 on live explore CDN; R2 gfv-media not inventoried
puerto_rican,Puerto Rican,"Caribbean, North America (US territory)",probable-match,medium,False,/cultural_images/puerto_rican_card.webp,/cultural_images/puerto_rican_card.webp,,https://www.culturesherpa.org/explore/cultural_images/puerto_rican_card.webp,True,Index path absent from git and 404 on live explore CDN; R2 gfv-media not inventoried
puerto_rico,Puerto Rico,Caribbean,ready,high,True,/cultural_images/puerto_rico_card.webp,/cultural_images/puerto_rico_card.webp,website-astro/public/cultural_images/puerto_rico_card.webp,https://www.culturesherpa.org/explore/cultural_images/puerto_rico_card.webp,True,
qatar,Qatar,"Middle East, Gulf region",ready,high,True,/cultural_images/qatar_card.webp,/cultural_images/qatar_card.webp,website-astro/public/cultural_images/qatar_card.webp,https://www.culturesherpa.org/explore/cultural_images/qatar_card.webp,True,
quapaw,Quapaw,"Arkansas, United States",probable-match,medium,False,/cultural_images/quapaw_card.webp,/cultural_images/quapaw_card.webp,,https://www.culturesherpa.org/explore/cultural_images/quapaw_card.webp,True,Index path absent from git and 404 on live explore CDN; R2 gfv-media not inventoried
quechua,Quechua,South America,probable-match,medium,False,/cultural_images/quechua_card.webp,/cultural_images/quechua_card.webp,,https://www.culturesherpa.org/explore/cultural_images/quechua_card.webp,True,Index path absent from git and 404 on live explore CDN; R2 gfv-media not inventoried
rabha,Rabha,South Asia,probable-match,medium,False,/cultural_images/rabha_card.webp,/cultural_images/rabha_card.webp,,https://www.culturesherpa.org/explore/cultural_images/rabha_card.webp,True,Index path absent from git and 404 on live explore CDN; R2 gfv-media not inventoried
rengma_naga,Rengma Naga,South Asia,probable-match,medium,False,/cultural_images/rengma_naga_card.webp,/cultural_images/rengma_naga_card.webp,,https://www.culturesherpa.org/explore/cultural_images/rengma_naga_card.webp,True,Index path absent from git and 404 on live explore CDN; R2 gfv-media not inventoried
republic_of_the_congo,Republic of the Congo,Central Africa,ready,high,True,/cultural_images/republic_of_the_congo_card.webp,/cultural_images/republic_of_the_congo_card.webp,website-astro/public/cultural_images/republic_of_the_congo_card.webp,https://www.culturesherpa.org/explore/cultural_images/republic_of_the_congo_card.webp,True,
romani,Romani,Europe,probable-match,medium,False,/cultural_images/romani_card.webp,/cultural_images/romani_card.webp,,https://www.culturesherpa.org/explore/cultural_images/romani_card.webp,True,Index path absent from git and 404 on live explore CDN; R2 gfv-media not inventoried
romanian,Romanian,Southeastern Europe,ready,high,True,/cultural_images/romanian_card.webp,/cultural_images/romanian_card.webp,website-astro/public/cultural_images/romanian_card.webp,https://www.culturesherpa.org/explore/cultural_images/romanian_card.webp,True,
romansh,Romansh,"Canton of Graubünden, Switzerland",probable-match,medium,False,/cultural_images/romansh_card.webp,/cultural_images/romansh_card.webp,,https://www.culturesherpa.org/explore/cultural_images/romansh_card.webp,True,Index path absent from git and 404 on live explore CDN; R2 gfv-media not inventoried
russian,Russian,Europe,ready,high,True,/cultural_images/russian_card.webp,/cultural_images/russian_card.webp,website-astro/public/cultural_images/russian_card.webp,https://www.culturesherpa.org/explore/cultural_images/russian_card.webp,True,
rwandan,Rwandan,East Africa,ready,high,True,/cultural_images/rwandan_card.webp,/cultural_images/rwandan_card.webp,website-astro/public/cultural_images/rwandan_card.webp,https://www.culturesherpa.org/explore/cultural_images/rwandan_card.webp,True,
sahrawis,Sahrawis,West Africa,ready,high,True,/cultural_images/sahrawis_card.webp,/cultural_images/sahrawis_card.webp,website-astro/public/cultural_images/sahrawis_card.webp,https://www.culturesherpa.org/explore/cultural_images/sahrawis_card.webp,True,
saint_helenians,Saint Helenians,Africa,ready,high,True,/cultural_images/saint_helenians_card.webp,/cultural_images/saint_helenians_card.webp,website-astro/public/cultural_images/saint_helenians_card.webp,https://www.culturesherpa.org/explore/cultural_images/saint_helenians_card.webp,True,
sakizaya,Sakizaya,"Hualien County, Taiwan",ready,high,True,/cultural_images/sakizaya_card.webp,/cultural_images/sakizaya_card.webp,website-astro/public/cultural_images/sakizaya_card.webp,https://www.culturesherpa.org/explore/cultural_images/sakizaya_card.webp,True,
salar,Salar,East Asia,ready,high,True,/cultural_images/salar_card.webp,/cultural_images/salar_card.webp,website-astro/public/cultural_images/salar_card.webp,https://www.culturesherpa.org/explore/cultural_images/salar_card.webp,True,
salinan,Salinan,"Central Coast region, California, USA",ready,high,True,/cultural_images/salinan_card.webp,/cultural_images/salinan_card.webp,website-astro/public/cultural_images/salinan_card.webp,https://www.culturesherpa.org/explore/cultural_images/salinan_card.webp,True,
samoan,Samoan,"Oceania, Pacific Islands",ready,high,True,/cultural_images/samoan_card.webp,/cultural_images/samoan_card.webp,website-astro/public/cultural_images/samoan_card.webp,https://www.culturesherpa.org/explore/cultural_images/samoan_card.webp,True,
santali,Santali,South Asia,probable-match,medium,False,/cultural_images/santali_card.webp,/cultural_images/santali_card.webp,,https://www.culturesherpa.org/explore/cultural_images/santali_card.webp,True,Index path absent from git and 404 on live explore CDN; R2 gfv-media not inventoried
sardinian,Sardinian,"Sardinia, Italy",probable-match,medium,False,/cultural_images/sardinian_card.webp,/cultural_images/sardinian_card.webp,,https://www.culturesherpa.org/explore/cultural_images/sardinian_card.webp,True,Index path absent from git and 404 on live explore CDN; R2 gfv-media not inventoried
sarikoli,Sarikoli,"Xinjiang, China",probable-match,medium,False,/cultural_images/sarikoli_card.webp,/cultural_images/sarikoli_card.webp,,https://www.culturesherpa.org/explore/cultural_images/sarikoli_card.webp,True,Index path absent from git and 404 on live explore CDN; R2 gfv-media not inventoried
saudi,Saudi,Middle East,ready,high,True,/cultural_images/saudi_card.webp,/cultural_images/saudi_card.webp,website-astro/public/cultural_images/saudi_card.webp,https://www.culturesherpa.org/explore/cultural_images/saudi_card.webp,True,
scots,Scots,Scotland,probable-match,medium,False,/cultural_images/scots_card.webp,/cultural_images/scots_card.webp,,https://www.culturesherpa.org/explore/cultural_images/scots_card.webp,True,Index path absent from git and 404 on live explore CDN; R2 gfv-media not inventoried
scottish,Scottish,"Scotland, UK",ready,high,True,/cultural_images/scottish_card.webp,/cultural_images/scottish_card.webp,website-astro/public/cultural_images/scottish_card.webp,https://www.culturesherpa.org/explore/cultural_images/scottish_card.webp,True,
sea_dayak,Sea Dayak,"Sarawak, Malaysian Borneo",probable-match,medium,False,/cultural_images/sea_dayak_card.webp,/cultural_images/sea_dayak_card.webp,,https://www.culturesherpa.org/explore/cultural_images/sea_dayak_card.webp,True,Index path absent from git and 404 on live explore CDN; R2 gfv-media not inventoried
selkup,Selkup,"Siberia, Russia",probable-match,medium,False,/cultural_images/selkup_card.webp,/cultural_images/selkup_card.webp,,https://www.culturesherpa.org/explore/cultural_images/selkup_card.webp,True,Index path absent from git and 404 on live explore CDN; R2 gfv-media not inventoried
senegalese,Senegalese,West Africa,ready,high,True,/cultural_images/senegalese_card.webp,/cultural_images/senegalese_card.webp,website-astro/public/cultural_images/senegalese_card.webp,https://www.culturesherpa.org/explore/cultural_images/senegalese_card.webp,True,
serbian,Serbian,Southeastern Europe,ready,high,True,/cultural_images/serbian_card.webp,/cultural_images/serbian_card.webp,website-astro/public/cultural_images/serbian_card.webp,https://www.culturesherpa.org/explore/cultural_images/serbian_card.webp,True,
shina,Shina,South Asia,probable-match,medium,False,/cultural_images/shina_card.webp,/cultural_images/shina_card.webp,,https://www.culturesherpa.org/explore/cultural_images/shina_card.webp,True,Index path absent from git and 404 on live explore CDN; R2 gfv-media not inventoried
sierra_leonean,Sierra Leonean,West Africa,ready,high,True,/cultural_images/sierra_leonean_card.webp,/cultural_images/sierra_leonean_card.webp,website-astro/public/cultural_images/sierra_leonean_card.webp,https://www.culturesherpa.org/explore/cultural_images/sierra_leonean_card.webp,True,
sikh_diaspora,Sikh Diaspora,South Asia,probable-match,medium,False,/cultural_images/sikh_diaspora_card.webp,/cultural_images/sikh_diaspora_card.webp,,https://www.culturesherpa.org/explore/cultural_images/sikh_diaspora_card.webp,True,Index path absent from git and 404 on live explore CDN; R2 gfv-media not inventoried
singaporean,Singaporean,Southeast Asia,ready,high,True,/cultural_images/singaporean_card.webp,/cultural_images/singaporean_card.webp,website-astro/public/cultural_images/singaporean_card.webp,https://www.culturesherpa.org/explore/cultural_images/singaporean_card.webp,True,
skolt_sami,Skolt Sami,Europe,probable-match,medium,False,/cultural_images/skolt_sami_card.webp,/cultural_images/skolt_sami_card.webp,,https://www.culturesherpa.org/explore/cultural_images/skolt_sami_card.webp,True,Index path absent from git and 404 on live explore CDN; R2 gfv-media not inventoried
slovakia,Slovakia,Central Europe,ready,high,True,/cultural_images/slovakia_card.webp,/cultural_images/slovakia_card.webp,website-astro/public/cultural_images/slovakia_card.webp,https://www.culturesherpa.org/explore/cultural_images/slovakia_card.webp,True,
slovenia,Slovenia,Central Europe,ready,high,True,/cultural_images/slovenia_card.webp,/cultural_images/slovenia_card.webp,website-astro/public/cultural_images/slovenia_card.webp,https://www.culturesherpa.org/explore/cultural_images/slovenia_card.webp,True,
solomon_islands,Solomon Is,"Melanesia, South Pacific",ready,high,True,/cultural_images/solomon_islands_card.webp,/cultural_images/solomon_islands_card.webp|/cultural_images/solomon_is_card.webp,website-astro/public/cultural_images/solomon_islands_card.webp,https://www.culturesherpa.org/explore/cultural_images/solomon_islands_card.webp,True,
somalia,Somalia,Horn of Africa,ready,high,True,/cultural_images/somalia_card.webp,/cultural_images/somalia_card.webp,website-astro/public/cultural_images/somalia_card.webp,https://www.culturesherpa.org/explore/cultural_images/somalia_card.webp,True,
sorbians,Sorbians,"Lusatia, Germany",probable-match,medium,False,/cultural_images/sorbians_card.webp,/cultural_images/sorbians_card.webp,,https://www.culturesherpa.org/explore/cultural_images/sorbians_card.webp,True,Index path absent from git and 404 on live explore CDN; R2 gfv-media not inventoried
south_african,South African,Southern Africa,ready,high,True,/cultural_images/south_african_card.webp,/cultural_images/south_african_card.webp,website-astro/public/cultural_images/south_african_card.webp,https://www.culturesherpa.org/explore/cultural_images/south_african_card.webp,True,
south_sudan,South Sudanese,East-Central Africa,probable-match,medium,False,/cultural_images/s_sudan_card.webp,/cultural_images/s_sudan_card.webp,,https://www.culturesherpa.org/explore/cultural_images/s_sudan_card.webp,True,Canonical slug missing from images_index; alias file 404 live; Index path absent from git and 404 on live explore CDN; R2 gfv-media not inventoried
spanish,Spanish,Europe,ready,high,True,/cultural_images/spanish_card.webp,/cultural_images/spanish_card.webp,website-astro/public/cultural_images/spanish_card.webp,https://www.culturesherpa.org/explore/cultural_images/spanish_card.webp,True,
sri_lankan,Sri Lankan,South Asia,ready,high,True,/cultural_images/sri_lankan_card.webp,/cultural_images/sri_lankan_card.webp,website-astro/public/cultural_images/sri_lankan_card.webp,https://www.culturesherpa.org/explore/cultural_images/sri_lankan_card.webp,True,
sri_lankan_tamil_diaspora,Sri Lankan Tamil Diaspora,East Asia,probable-match,medium,False,/cultural_images/sri_lankan_tamil_diaspora_card.webp,/cultural_images/sri_lankan_tamil_diaspora_card.webp,,https://www.culturesherpa.org/explore/cultural_images/sri_lankan_tamil_diaspora_card.webp,True,Index path absent from git and 404 on live explore CDN; R2 gfv-media not inventoried
sudanese,Sudanese,Northeast Africa,ready,high,True,/cultural_images/sudanese_card.webp,/cultural_images/sudanese_card.webp,website-astro/public/cultural_images/sudanese_card.webp,https://www.culturesherpa.org/explore/cultural_images/sudanese_card.webp,True,
surinamese,Surinamese,South America,ready,high,True,/cultural_images/surinamese_card.webp,/cultural_images/surinamese_card.webp,website-astro/public/cultural_images/surinamese_card.webp,https://www.culturesherpa.org/explore/cultural_images/surinamese_card.webp,True,
swedish,Swedish,Northern Europe,ready,high,True,/cultural_images/swedish_card.webp,/cultural_images/swedish_card.webp,website-astro/public/cultural_images/swedish_card.webp,https://www.culturesherpa.org/explore/cultural_images/swedish_card.webp,True,
swiss,Swiss,Europe,ready,high,True,/cultural_images/swiss_card.webp,/cultural_images/swiss_card.webp,website-astro/public/cultural_images/swiss_card.webp,https://www.culturesherpa.org/explore/cultural_images/swiss_card.webp,True,
syrian,Syrian,"Middle East, Levant",ready,high,True,/cultural_images/syrian_card.webp,/cultural_images/syrian_card.webp,website-astro/public/cultural_images/syrian_card.webp,https://www.culturesherpa.org/explore/cultural_images/syrian_card.webp,True,
sami,Sámi,Europe,ready,high,True,/cultural_images/sami_card.webp,/cultural_images/sami_card.webp|/cultural_images/sámi_card.webp,website-astro/public/cultural_images/sami_card.webp,https://www.culturesherpa.org/explore/cultural_images/sami_card.webp,True,Duplicate git files sami_card.webp and sami macron card
taiwanese,Taiwanese,East Asia,ready,high,True,/cultural_images/taiwanese_card.webp,/cultural_images/taiwanese_card.webp,website-astro/public/cultural_images/taiwanese_card.webp,https://www.culturesherpa.org/explore/cultural_images/taiwanese_card.webp,True,
tajikistan,Tajikistan,Central Asia,ready,high,True,/cultural_images/tajikistan_card.webp,/cultural_images/tajikistan_card.webp,website-astro/public/cultural_images/tajikistan_card.webp,https://www.culturesherpa.org/explore/cultural_images/tajikistan_card.webp,True,
tamang,Tamang,South Asia,probable-match,medium,False,/cultural_images/tamang_card.webp,/cultural_images/tamang_card.webp,,https://www.culturesherpa.org/explore/cultural_images/tamang_card.webp,True,Index path absent from git and 404 on live explore CDN; R2 gfv-media not inventoried
tanimbar,Tanimbar,"Tanimbar Islands, Maluku, Indonesia",probable-match,medium,False,/cultural_images/tanimbar_card.webp,/cultural_images/tanimbar_card.webp,,https://www.culturesherpa.org/explore/cultural_images/tanimbar_card.webp,True,Index path absent from git and 404 on live explore CDN; R2 gfv-media not inventoried
tanzanian,Tanzanian,East Africa,ready,high,True,/cultural_images/tanzanian_card.webp,/cultural_images/tanzanian_card.webp,website-astro/public/cultural_images/tanzanian_card.webp,https://www.culturesherpa.org/explore/cultural_images/tanzanian_card.webp,True,
teke,Teke,Central Africa,ready,high,True,/cultural_images/teke_card.webp,/cultural_images/teke_card.webp,website-astro/public/cultural_images/teke_card.webp,https://www.culturesherpa.org/explore/cultural_images/teke_card.webp,True,
telengits,Telengits,"Altai Republic, Russia",ready,high,True,/cultural_images/telengits_card.webp,/cultural_images/telengits_card.webp,website-astro/public/cultural_images/telengits_card.webp,https://www.culturesherpa.org/explore/cultural_images/telengits_card.webp,True,
teleuts,Teleuts,"Southern Siberia, Russia",ready,high,True,/cultural_images/teleuts_card.webp,/cultural_images/teleuts_card.webp,website-astro/public/cultural_images/teleuts_card.webp,https://www.culturesherpa.org/explore/cultural_images/teleuts_card.webp,True,
thai,Thai,Southeast Asia,ready,high,True,/cultural_images/thai_card.webp,/cultural_images/thai_card.webp,website-astro/public/cultural_images/thai_card.webp,https://www.culturesherpa.org/explore/cultural_images/thai_card.webp,True,
tharu,Tharu,South Asia,probable-match,medium,False,/cultural_images/tharu_card.webp,/cultural_images/tharu_card.webp,,https://www.culturesherpa.org/explore/cultural_images/tharu_card.webp,True,Index path absent from git and 404 on live explore CDN; R2 gfv-media not inventoried
tharus,Tharus,South Asia,ready,high,True,/cultural_images/tharus_card.webp,/cultural_images/tharus_card.webp,website-astro/public/cultural_images/tharus_card.webp,https://www.culturesherpa.org/explore/cultural_images/tharus_card.webp,True,
tibetan_diaspora,Tibetan Diaspora,South Asia,probable-match,medium,False,/cultural_images/tibetan_diaspora_card.webp,/cultural_images/tibetan_diaspora_card.webp,,https://www.culturesherpa.org/explore/cultural_images/tibetan_diaspora_card.webp,True,Index path absent from git and 404 on live explore CDN; R2 gfv-media not inventoried
tibetans,Tibetans,South Asia,ready,high,True,/cultural_images/tibetans_card.webp,/cultural_images/tibetans_card.webp,website-astro/public/cultural_images/tibetans_card.webp,https://www.culturesherpa.org/explore/cultural_images/tibetans_card.webp,True,
ticuna,Ticuna,South America,ready,high,True,/cultural_images/ticuna_card.webp,/cultural_images/ticuna_card.webp,website-astro/public/cultural_images/ticuna_card.webp,https://www.culturesherpa.org/explore/cultural_images/ticuna_card.webp,True,
tigrayan,Tigrayan,East Africa,ready,high,True,/cultural_images/tigrayan_card.webp,/cultural_images/tigrayan_card.webp,website-astro/public/cultural_images/tigrayan_card.webp,https://www.culturesherpa.org/explore/cultural_images/tigrayan_card.webp,True,
timor_leste,Timor Leste,Southeast Asia,probable-match,medium,False,/cultural_images/timor_leste_card.webp,/cultural_images/timor_leste_card.webp,,https://www.culturesherpa.org/explore/cultural_images/timor_leste_card.webp,True,Index path absent from git and 404 on live explore CDN; R2 gfv-media not inventoried
tlingit,Tlingit,Europe,probable-match,medium,False,/cultural_images/tlingit_card.webp,/cultural_images/tlingit_card.webp,,https://www.culturesherpa.org/explore/cultural_images/tlingit_card.webp,True,Index path absent from git and 404 on live explore CDN; R2 gfv-media not inventoried
toda,Toda,"Nilgiri Hills, Tamil Nadu, India",probable-match,medium,False,/cultural_images/toda_card.webp,/cultural_images/toda_card.webp,,https://www.culturesherpa.org/explore/cultural_images/toda_card.webp,True,Index path absent from git and 404 on live explore CDN; R2 gfv-media not inventoried
togolese,Togolese,West Africa,ready,high,True,/cultural_images/togolese_card.webp,/cultural_images/togolese_card.webp,website-astro/public/cultural_images/togolese_card.webp,https://www.culturesherpa.org/explore/cultural_images/togolese_card.webp,True,
tonga,Tonga,"Polynesia, South Pacific",ready,high,True,/cultural_images/tonga_card.webp,/cultural_images/tonga_card.webp,website-astro/public/cultural_images/tonga_card.webp,https://www.culturesherpa.org/explore/cultural_images/tonga_card.webp,True,
tongan,Tongan,"Pacific Islands, Oceania",ready,high,True,/cultural_images/tongan_card.webp,/cultural_images/tongan_card.webp,website-astro/public/cultural_images/tongan_card.webp,https://www.culturesherpa.org/explore/cultural_images/tongan_card.webp,True,
tongans,Tongans,"Oceania, Pacific Islands",ready,high,True,/cultural_images/tongans_card.webp,/cultural_images/tongans_card.webp,website-astro/public/cultural_images/tongans_card.webp,https://www.culturesherpa.org/explore/cultural_images/tongans_card.webp,True,
tooro,Tooro,Western Uganda,ready,high,True,/cultural_images/tooro_card.webp,/cultural_images/tooro_card.webp,website-astro/public/cultural_images/tooro_card.webp,https://www.culturesherpa.org/explore/cultural_images/tooro_card.webp,True,
toraja,Toraja,"South Sulawesi, Indonesia",ready,high,True,/cultural_images/toraja_card.webp,/cultural_images/toraja_card.webp,website-astro/public/cultural_images/toraja_card.webp,https://www.culturesherpa.org/explore/cultural_images/toraja_card.webp,True,
torres_strait_islanders,Torres Strait Islanders,"Torres Strait Islands, Australia",ready,high,True,/cultural_images/torres_strait_islanders_card.webp,/cultural_images/torres_strait_islanders_card.webp,website-astro/public/cultural_images/torres_strait_islanders_card.webp,https://www.culturesherpa.org/explore/cultural_images/torres_strait_islanders_card.webp,True,
totonac,Totonac,North America,ready,high,True,/cultural_images/totonac_card.webp,/cultural_images/totonac_card.webp,website-astro/public/cultural_images/totonac_card.webp,https://www.culturesherpa.org/explore/cultural_images/totonac_card.webp,True,
toubou,Toubou,West Africa,ready,high,True,/cultural_images/toubou_card.webp,/cultural_images/toubou_card.webp,website-astro/public/cultural_images/toubou_card.webp,https://www.culturesherpa.org/explore/cultural_images/toubou_card.webp,True,
toucouleur,Toucouleur,West Africa,ready,high,True,/cultural_images/toucouleur_card.webp,/cultural_images/toucouleur_card.webp,website-astro/public/cultural_images/toucouleur_card.webp,https://www.culturesherpa.org/explore/cultural_images/toucouleur_card.webp,True,
trawara,Trawara,Southeast Asia,ready,high,True,/cultural_images/trawara_card.webp,/cultural_images/trawara_card.webp,website-astro/public/cultural_images/trawara_card.webp,https://www.culturesherpa.org/explore/cultural_images/trawara_card.webp,True,
trinidad_and_tobago,Trinidad And Tobago,Caribbean,ready,high,True,/cultural_images/trinidad_and_tobago_card.webp,/cultural_images/trinidad_and_tobago_card.webp,website-astro/public/cultural_images/trinidad_and_tobago_card.webp,https://www.culturesherpa.org/explore/cultural_images/trinidad_and_tobago_card.webp,True,
tulu,Tulu,South Asia,probable-match,medium,False,/cultural_images/tulu_card.webp,/cultural_images/tulu_card.webp,,https://www.culturesherpa.org/explore/cultural_images/tulu_card.webp,True,Index path absent from git and 404 on live explore CDN; R2 gfv-media not inventoried
tunica_biloxi,Tunica Biloxi,"Louisiana, United States",probable-match,medium,False,/cultural_images/tunica_biloxi_card.webp,/cultural_images/tunica_biloxi_card.webp,,https://www.culturesherpa.org/explore/cultural_images/tunica_biloxi_card.webp,True,Index path absent from git and 404 on live explore CDN; R2 gfv-media not inventoried
tunisian,Tunisian,North Africa,ready,high,True,/cultural_images/tunisian_card.webp,/cultural_images/tunisian_card.webp,website-astro/public/cultural_images/tunisian_card.webp,https://www.culturesherpa.org/explore/cultural_images/tunisian_card.webp,True,
tupuri,Tupuri,Central Africa,ready,high,True,/cultural_images/tupuri_card.webp,/cultural_images/tupuri_card.webp,website-astro/public/cultural_images/tupuri_card.webp,https://www.culturesherpa.org/explore/cultural_images/tupuri_card.webp,True,
turkana,Turkana,Northwest Kenya,ready,high,True,/cultural_images/turkana_card.webp,/cultural_images/turkana_card.webp,website-astro/public/cultural_images/turkana_card.webp,https://www.culturesherpa.org/explore/cultural_images/turkana_card.webp,True,
turkish,Turkish,"Middle East, Europe, Central Asia",ready,high,True,/cultural_images/turkish_card.webp,/cultural_images/turkish_card.webp,website-astro/public/cultural_images/turkish_card.webp,https://www.culturesherpa.org/explore/cultural_images/turkish_card.webp,True,
turkish_german,Turkish German,"Germany, Turkey, European Union",probable-match,medium,False,/cultural_images/turkish_german_card.webp,/cultural_images/turkish_german_card.webp,,https://www.culturesherpa.org/explore/cultural_images/turkish_german_card.webp,True,Index path absent from git and 404 on live explore CDN; R2 gfv-media not inventoried
turkmenistan,Turkmenistan,Central Asia,ready,high,True,/cultural_images/turkmenistan_card.webp,/cultural_images/turkmenistan_card.webp,website-astro/public/cultural_images/turkmenistan_card.webp,https://www.culturesherpa.org/explore/cultural_images/turkmenistan_card.webp,True,
tuscarora,Tuscarora,Central Africa,ready,high,True,/cultural_images/tuscarora_card.webp,/cultural_images/tuscarora_card.webp,website-astro/public/cultural_images/tuscarora_card.webp,https://www.culturesherpa.org/explore/cultural_images/tuscarora_card.webp,True,
tutchones,Tutchones,"Yukon Territory, Canada",ready,high,True,/cultural_images/tutchones_card.webp,/cultural_images/tutchones_card.webp,website-astro/public/cultural_images/tutchones_card.webp,https://www.culturesherpa.org/explore/cultural_images/tutchones_card.webp,True,
tutejszy,Tutejszy,Europe,ready,high,True,/cultural_images/tutejszy_card.webp,/cultural_images/tutejszy_card.webp,website-astro/public/cultural_images/tutejszy_card.webp,https://www.culturesherpa.org/explore/cultural_images/tutejszy_card.webp,True,
tutsi,Tutsi,East Africa,ready,high,True,/cultural_images/tutsi_card.webp,/cultural_images/tutsi_card.webp,website-astro/public/cultural_images/tutsi_card.webp,https://www.culturesherpa.org/explore/cultural_images/tutsi_card.webp,True,
ugandan,Ugandan,East Africa,ready,high,True,/cultural_images/ugandan_card.webp,/cultural_images/ugandan_card.webp,website-astro/public/cultural_images/ugandan_card.webp,https://www.culturesherpa.org/explore/cultural_images/ugandan_card.webp,True,
ukrainian,Ukrainian,Eastern Europe,ready,high,True,/cultural_images/ukrainian_card.webp,/cultural_images/ukrainian_card.webp,website-astro/public/cultural_images/ukrainian_card.webp,https://www.culturesherpa.org/explore/cultural_images/ukrainian_card.webp,True,
ulster_protestants,Ulster Protestants,Northern Ireland,ready,high,True,/cultural_images/ulster_protestants_card.webp,/cultural_images/ulster_protestants_card.webp,website-astro/public/cultural_images/ulster_protestants_card.webp,https://www.culturesherpa.org/explore/cultural_images/ulster_protestants_card.webp,True,
umatilla,Umatilla,"Pacific Northwest, United States",ready,high,True,/cultural_images/umatilla_card.webp,/cultural_images/umatilla_card.webp,website-astro/public/cultural_images/umatilla_card.webp,https://www.culturesherpa.org/explore/cultural_images/umatilla_card.webp,True,
ume_sami,Ume Sami,Northern Sweden and parts of Norway,probable-match,medium,False,/cultural_images/ume_sami_card.webp,/cultural_images/ume_sami_card.webp,,https://www.culturesherpa.org/explore/cultural_images/ume_sami_card.webp,True,Index path absent from git and 404 on live explore CDN; R2 gfv-media not inventoried
urhobos,Urhobos,"Niger Delta, Nigeria",ready,high,True,/cultural_images/urhobos_card.webp,/cultural_images/urhobos_card.webp,website-astro/public/cultural_images/urhobos_card.webp,https://www.culturesherpa.org/explore/cultural_images/urhobos_card.webp,True,
uruguayan,Uruguayan,South America,ready,high,True,/cultural_images/uruguayan_card.webp,/cultural_images/uruguayan_card.webp,website-astro/public/cultural_images/uruguayan_card.webp,https://www.culturesherpa.org/explore/cultural_images/uruguayan_card.webp,True,
ute,Ute,North America,ready,high,True,/cultural_images/ute_card.webp,/cultural_images/ute_card.webp,website-astro/public/cultural_images/ute_card.webp,https://www.culturesherpa.org/explore/cultural_images/ute_card.webp,True,
utsul,Utsul,"Hainan Island, China",probable-match,medium,False,/cultural_images/utsul_card.webp,/cultural_images/utsul_card.webp,,https://www.culturesherpa.org/explore/cultural_images/utsul_card.webp,True,Index path absent from git and 404 on live explore CDN; R2 gfv-media not inventoried
uyghur_diaspora,Uyghur Diaspora,Central Asia,probable-match,medium,False,/cultural_images/uyghur_diaspora_card.webp,/cultural_images/uyghur_diaspora_card.webp,,https://www.culturesherpa.org/explore/cultural_images/uyghur_diaspora_card.webp,True,Index path absent from git and 404 on live explore CDN; R2 gfv-media not inventoried
uyghurs,Uyghurs,East Asia,ready,high,True,/cultural_images/uyghurs_card.webp,/cultural_images/uyghurs_card.webp,website-astro/public/cultural_images/uyghurs_card.webp,https://www.culturesherpa.org/explore/cultural_images/uyghurs_card.webp,True,
uzbeks,Uzbeks,Central Asia,ready,high,True,/cultural_images/uzbeks_card.webp,/cultural_images/uzbeks_card.webp,website-astro/public/cultural_images/uzbeks_card.webp,https://www.culturesherpa.org/explore/cultural_images/uzbeks_card.webp,True,
valencians,Valencians,"Valencian Community, Spain",ready,high,True,/cultural_images/valencians_card.webp,/cultural_images/valencians_card.webp,website-astro/public/cultural_images/valencians_card.webp,https://www.culturesherpa.org/explore/cultural_images/valencians_card.webp,True,
venezuelan,Venezuelan,South America,ready,high,True,/cultural_images/venezuelan_card.webp,/cultural_images/venezuelan_card.webp,website-astro/public/cultural_images/venezuelan_card.webp,https://www.culturesherpa.org/explore/cultural_images/venezuelan_card.webp,True,
veps,Veps,Europe,probable-match,medium,False,/cultural_images/veps_card.webp,/cultural_images/veps_card.webp,,https://www.culturesherpa.org/explore/cultural_images/veps_card.webp,True,Index path absent from git and 404 on live explore CDN; R2 gfv-media not inventoried
vietnamese,Vietnamese,Southeast Asia,ready,high,True,/cultural_images/vietnamese_card.webp,/cultural_images/vietnamese_card.webp,website-astro/public/cultural_images/vietnamese_card.webp,https://www.culturesherpa.org/explore/cultural_images/vietnamese_card.webp,True,
vietnamese_american,Vietnamese American,North America,probable-match,medium,False,/cultural_images/vietnamese_american_card.webp,/cultural_images/vietnamese_american_card.webp,,https://www.culturesherpa.org/explore/cultural_images/vietnamese_american_card.webp,True,Index path absent from git and 404 on live explore CDN; R2 gfv-media not inventoried
votic,Votic,"Ingria, Russia",probable-match,medium,False,/cultural_images/votic_card.webp,/cultural_images/votic_card.webp,,https://www.culturesherpa.org/explore/cultural_images/votic_card.webp,True,Index path absent from git and 404 on live explore CDN; R2 gfv-media not inventoried
voro,Võro,Southeastern Estonia,probable-match,medium,False,/cultural_images/võro_card.webp,/cultural_images/võro_card.webp,,https://www.culturesherpa.org/explore/cultural_images/võro_card.webp,True,Index path absent from git and 404 on live explore CDN; R2 gfv-media not inventoried
wakhi,Wakhi,Central Asia,probable-match,medium,False,/cultural_images/wakhi_card.webp,/cultural_images/wakhi_card.webp,,https://www.culturesherpa.org/explore/cultural_images/wakhi_card.webp,True,Index path absent from git and 404 on live explore CDN; R2 gfv-media not inventoried
wampanoag,Wampanoag,North America,probable-match,medium,False,/cultural_images/wampanoag_card.webp,/cultural_images/wampanoag_card.webp,,https://www.culturesherpa.org/explore/cultural_images/wampanoag_card.webp,True,Index path absent from git and 404 on live explore CDN; R2 gfv-media not inventoried
welsh,Welsh,"Wales, United Kingdom",ready,high,True,/cultural_images/welsh_card.webp,/cultural_images/welsh_card.webp,website-astro/public/cultural_images/welsh_card.webp,https://www.culturesherpa.org/explore/cultural_images/welsh_card.webp,True,
western_sahara,Western Sahara,North Africa,probable-match,medium,False,/cultural_images/w_sahara_card.webp,/cultural_images/w_sahara_card.webp,,https://www.culturesherpa.org/explore/cultural_images/w_sahara_card.webp,True,Canonical slug missing from images_index; alias file 404 live; Index path absent from git and 404 on live explore CDN; R2 gfv-media not inventoried
wichita,Wichita,North America,ready,high,True,/cultural_images/wichita_card.webp,/cultural_images/wichita_card.webp,website-astro/public/cultural_images/wichita_card.webp,https://www.culturesherpa.org/explore/cultural_images/wichita_card.webp,True,
wiradjuri,Wiradjuri,"Central New South Wales, Australia",ready,high,True,/cultural_images/wiradjuri_card.webp,/cultural_images/wiradjuri_card.webp,website-astro/public/cultural_images/wiradjuri_card.webp,https://www.culturesherpa.org/explore/cultural_images/wiradjuri_card.webp,True,
wolane,Wolane,East Africa,ready,high,True,/cultural_images/wolane_card.webp,/cultural_images/wolane_card.webp,website-astro/public/cultural_images/wolane_card.webp,https://www.culturesherpa.org/explore/cultural_images/wolane_card.webp,True,
wolof,Wolof,"Senegal, The Gambia, Mauritania",ready,high,True,/cultural_images/wolof_card.webp,/cultural_images/wolof_card.webp,website-astro/public/cultural_images/wolof_card.webp,https://www.culturesherpa.org/explore/cultural_images/wolof_card.webp,True,
yagan,Yagán,"Tierra del Fuego, Chile and Argentina",probable-match,medium,False,/cultural_images/yagán_card.webp,/cultural_images/yagán_card.webp,,https://www.culturesherpa.org/explore/cultural_images/yagán_card.webp,True,Index path absent from git and 404 on live explore CDN; R2 gfv-media not inventoried
yazidi,Yazidi,Middle East,probable-match,medium,False,/cultural_images/yazidi_card.webp,/cultural_images/yazidi_card.webp,,https://www.culturesherpa.org/explore/cultural_images/yazidi_card.webp,True,Index path absent from git and 404 on live explore CDN; R2 gfv-media not inventoried
yemen,Yemen,Middle East and North Africa,ready,high,True,/cultural_images/yemen_card.webp,/cultural_images/yemen_card.webp,website-astro/public/cultural_images/yemen_card.webp,https://www.culturesherpa.org/explore/cultural_images/yemen_card.webp,True,
yupik_siberian,Yupik Siberian,Europe,probable-match,medium,False,/cultural_images/yupik_siberian_card.webp,/cultural_images/yupik_siberian_card.webp,,https://www.culturesherpa.org/explore/cultural_images/yupik_siberian_card.webp,True,Index path absent from git and 404 on live explore CDN; R2 gfv-media not inventoried
zambian,Zambian,Southern Africa,ready,high,True,/cultural_images/zambian_card.webp,/cultural_images/zambian_card.webp,website-astro/public/cultural_images/zambian_card.webp,https://www.culturesherpa.org/explore/cultural_images/zambian_card.webp,True,
zarma,Zarma,"West Africa, primarily Niger",probable-match,medium,False,/cultural_images/zarma_card.webp,/cultural_images/zarma_card.webp,,https://www.culturesherpa.org/explore/cultural_images/zarma_card.webp,True,Index path absent from git and 404 on live explore CDN; R2 gfv-media not inventoried
zimbabwean,Zimbabwean,Southern Africa,ready,high,True,/cultural_images/zimbabwean_card.webp,/cultural_images/zimbabwean_card.webp,website-astro/public/cultural_images/zimbabwean_card.webp,https://www.culturesherpa.org/explore/cultural_images/zimbabwean_card.webp,True,
